ID,Branch,Official unit,Concept,Notes,Summary,Key points,Flip cards,MCQs,In mock,PYQ,Resources,HI,PA,EN,Candidate MCQ count,Common tag,Source page,Explicit official heading,Status,Evidence lesson IDs,Candidate question IDs,Caveat
P1-1,Punjab,Physical setting of Punjab and its historical influence,Punjab geographic extent,Partial,Partial,Missing,Partial,Partial,Partial,Missing,Partial,Partial,Partial,Partial,16,history:punjab,3,True,AI-GENERATED (needs human review),"{""Notes"": [""punjab-ancient-medieval"", ""punjab-geography""], ""Summary"": [""punjab-geography""], ""Key points"": [], ""Flip cards"": [""punjab-ancient-medieval"", ""punjab-geography""]}",q-pam-1;q-pam-3;q-pam-4;q-pam-6;q-pam-8;q-pam-9;q-pam-10;sst-geo-monsoon-q6;sst-geo-punjab-q2;pmc-pyq-geo-01;pmc-pyq-geo-02;pmc-pyq-geo-03;pmc-pyq-geo-04;pmc-pyq-geo-05;pmc-pyq-geo-06;psssb-gk-2023-1,"HI/PA Partial is parent draft presence only; this concept translation has not been validated. Notes/MCQ anchors are candidate evidence, not substantive completion."
P1-2,Punjab,Physical setting of Punjab and its historical influence,River corridors,Partial,Partial,Partial,Partial,Partial,Partial,Missing,Partial,Partial,Partial,Partial,6,history:punjab,3,True,AI-GENERATED (needs human review),"{""Notes"": [""punjab-ancient-medieval"", ""punjab-geography""], ""Summary"": [""punjab-ancient-medieval""], ""Key points"": [""punjab-ancient-medieval"", ""punjab-geography""], ""Flip cards"": [""punjab-ancient-medieval"", ""punjab-geography""]}",q-pam-1;q-pam-2;q-pam-5;sst-geo-punjab-q1;pmc-pyq-geo-01;pmc-pyq-geo-07,"HI/PA Partial is parent draft presence only; this concept translation has not been validated. Notes/MCQ anchors are candidate evidence, not substantive completion."
P1-3,Punjab,Physical setting of Punjab and its historical influence,Doabs and settlement,Partial,Partial,Missing,Missing,Partial,Partial,Missing,Partial,Partial,Partial,Partial,3,history:punjab,3,True,AI-GENERATED (needs human review),"{""Notes"": [""punjab-ancient-medieval"", ""punjab-geography""], ""Summary"": [""punjab-geography""], ""Key points"": [], ""Flip cards"": []}",sst-geo-punjab-q3;pmc-pyq-geo-01;pmc-pyq-geo-02,"HI/PA Partial is parent draft presence only; this concept translation has not been validated. Notes/MCQ anchors are candidate evidence, not substantive completion."
P1-4,Punjab,Physical setting of Punjab and its historical influence,Mountain passes and invasion routes,Partial,Missing,Missing,Missing,Missing,Missing,Missing,Partial,Partial,Partial,Partial,0,history:punjab,3,True,AI-GENERATED (needs human review),"{""Notes"": [""punjab-ancient-medieval""], ""Summary"": [], ""Key points"": [], ""Flip cards"": []}",,"HI/PA Partial is parent draft presence only; this concept translation has not been validated. Notes/MCQ anchors are candidate evidence, not substantive completion."
P1-5,Punjab,Physical setting of Punjab and its historical influence,Agriculture and historical settlement,Missing,Missing,Missing,Missing,Partial,Partial,Missing,Partial,Missing,Missing,Missing,1,history:punjab,3,True,AI-GENERATED (needs human review),"{""Notes"": [], ""Summary"": [], ""Key points"": [], ""Flip cards"": []}",pmc-pyq-geo-06,"HI/PA Partial is parent draft presence only; this concept translation has not been validated. Notes/MCQ anchors are candidate evidence, not substantive completion."
P2-1,Punjab,Sikhism during the ten Gurus,Guru Nanak: life and teachings,Partial,Partial,Partial,Partial,Partial,Partial,Missing,Partial,Partial,Partial,Partial,15,history:punjab,3,True,AI-GENERATED (needs human review),"{""Notes"": [""guru-nanak-dev-ji"", ""guru-angad-amar-ram-das"", ""guru-arjan-dev-ji"", ""guru-hargobind-to-tegh-bahadur"", ""guru-gobind-singh-ji""], ""Summary"": [""guru-nanak-dev-ji"", ""guru-hargobind-to-tegh-bahadur""], ""Key points"": [""guru-nanak-dev-ji"", ""guru-hargobind-to-tegh-bahadur""], ""Flip cards"": [""guru-nanak-dev-ji""]}",q-gnd-1;q-gnd-2;q-gnd-3;q-gnd-4;q-gnd-5;q-gnd-6;q-gnd-7;q-gnd-8;q-gnd-9;q-gnd-10;gen-guru-nanak-dev-ji-fc-1;gen-guru-nanak-dev-ji-fc-2;gen-guru-nanak-dev-ji-fc-3;q-gaar-10;q-ghtb-9,"HI/PA Partial is parent draft presence only; this concept translation has not been validated. Notes/MCQ anchors are candidate evidence, not substantive completion."
P2-2,Punjab,Sikhism during the ten Gurus,Guru Nanak: Udasis,Partial,Partial,Partial,Missing,Partial,Partial,Missing,Partial,Partial,Partial,Partial,2,history:punjab,3,True,AI-GENERATED (needs human review),"{""Notes"": [""guru-nanak-dev-ji"", ""guru-angad-amar-ram-das"", ""guru-gobind-singh-ji""], ""Summary"": [""guru-nanak-dev-ji""], ""Key points"": [""guru-nanak-dev-ji""], ""Flip cards"": []}",q-gnd-2;q-gaar-10,"HI/PA Partial is parent draft presence only; this concept translation has not been validated. Notes/MCQ anchors are candidate evidence, not substantive completion."
P2-3,Punjab,Sikhism during the ten Gurus,Sangat institution,Partial,Partial,Partial,Missing,Partial,Partial,Missing,Partial,Partial,Partial,Partial,2,history:punjab,3,True,AI-GENERATED (needs human review),"{""Notes"": [""guru-nanak-dev-ji"", ""guru-angad-amar-ram-das"", ""guru-arjan-dev-ji"", ""guru-hargobind-to-tegh-bahadur""], ""Summary"": [""guru-nanak-dev-ji"", ""guru-angad-amar-ram-das""], ""Key points"": [""guru-nanak-dev-ji""], ""Flip cards"": []}",q-gaar-5;q-gaar-9,"HI/PA Partial is parent draft presence only; this concept translation has not been validated. Notes/MCQ anchors are candidate evidence, not substantive completion."
P2-4,Punjab,Sikhism during the ten Gurus,Pangat institution,Partial,Partial,Partial,Missing,Partial,Partial,Missing,Partial,Partial,Partial,Partial,1,history:punjab,3,True,AI-GENERATED (needs human review),"{""Notes"": [""guru-nanak-dev-ji"", ""guru-angad-amar-ram-das""], ""Summary"": [""guru-nanak-dev-ji"", ""guru-angad-amar-ram-das""], ""Key points"": [""guru-nanak-dev-ji""], ""Flip cards"": []}",q-gaar-5,"HI/PA Partial is parent draft presence only; this concept translation has not been validated. Notes/MCQ anchors are candidate evidence, not substantive completion."
P2-5,Punjab,Sikhism during the ten Gurus,Guru Angad: Gurmukhi development,Partial,Partial,Partial,Missing,Missing,Missing,Missing,Partial,Partial,Partial,Partial,0,history:punjab,3,True,AI-GENERATED (needs human review),"{""Notes"": [""guru-nanak-dev-ji"", ""guru-angad-amar-ram-das"", ""guru-gobind-singh-ji""], ""Summary"": [""guru-angad-amar-ram-das""], ""Key points"": [""guru-angad-amar-ram-das""], ""Flip cards"": []}",,"HI/PA Partial is parent draft presence only; this concept translation has not been validated. Notes/MCQ anchors are candidate evidence, not substantive completion."
P2-6,Punjab,Sikhism during the ten Gurus,Guru Amar Das: Manji organisation,Partial,Partial,Partial,Partial,Partial,Partial,Missing,Partial,Partial,Partial,Partial,2,history:punjab,3,True,AI-GENERATED (needs human review),"{""Notes"": [""guru-angad-amar-ram-das""], ""Summary"": [""guru-angad-amar-ram-das""], ""Key points"": [""guru-angad-amar-ram-das""], ""Flip cards"": [""guru-angad-amar-ram-das""]}",q-gaar-4;gen-guru-angad-amar-ram-das-fc-1,"HI/PA Partial is parent draft presence only; this concept translation has not been validated. Notes/MCQ anchors are candidate evidence, not substantive completion."
P2-7,Punjab,Sikhism during the ten Gurus,Guru Ram Das: Ramdaspur,Partial,Partial,Partial,Missing,Partial,Partial,Missing,Partial,Partial,Partial,Partial,1,history:punjab,3,True,AI-GENERATED (needs human review),"{""Notes"": [""guru-angad-amar-ram-das""], ""Summary"": [""guru-angad-amar-ram-das""], ""Key points"": [""guru-angad-amar-ram-das""], ""Flip cards"": []}",q-gaar-7,"HI/PA Partial is parent draft presence only; this concept translation has not been validated. Notes/MCQ anchors are candidate evidence, not substantive completion."
P2-8,Punjab,Sikhism during the ten Gurus,Guru Arjan: Adi Granth,Partial,Partial,Partial,Partial,Partial,Partial,Missing,Partial,Partial,Partial,Partial,4,history:punjab,3,True,AI-GENERATED (needs human review),"{""Notes"": [""guru-arjan-dev-ji""], ""Summary"": [""guru-arjan-dev-ji""], ""Key points"": [""guru-arjan-dev-ji""], ""Flip cards"": [""guru-arjan-dev-ji""]}",q-gad-2;q-gad-8;gen-guru-arjan-dev-ji-fc-2;gen-guru-arjan-dev-ji-fc-4,"HI/PA Partial is parent draft presence only; this concept translation has not been validated. Notes/MCQ anchors are candidate evidence, not substantive completion."
P2-9,Punjab,Sikhism during the ten Gurus,Guru Arjan: martyrdom and context,Partial,Partial,Partial,Missing,Missing,Missing,Missing,Partial,Partial,Partial,Partial,0,history:punjab,3,True,AI-GENERATED (needs human review),"{""Notes"": [""guru-arjan-dev-ji"", ""guru-hargobind-to-tegh-bahadur""], ""Summary"": [""guru-arjan-dev-ji""], ""Key points"": [""guru-arjan-dev-ji""], ""Flip cards"": []}",,"HI/PA Partial is parent draft presence only; this concept translation has not been validated. Notes/MCQ anchors are candidate evidence, not substantive completion."
P2-10,Punjab,Sikhism during the ten Gurus,Guru Hargobind: Miri-Piri,Partial,Partial,Partial,Missing,Partial,Partial,Missing,Partial,Partial,Partial,Partial,2,history:punjab,3,True,AI-GENERATED (needs human review),"{""Notes"": [""guru-arjan-dev-ji"", ""guru-hargobind-to-tegh-bahadur""], ""Summary"": [""guru-hargobind-to-tegh-bahadur""], ""Key points"": [""guru-hargobind-to-tegh-bahadur""], ""Flip cards"": []}",q-ghtb-1;q-ghtb-9,"HI/PA Partial is parent draft presence only; this concept translation has not been validated. Notes/MCQ anchors are candidate evidence, not substantive completion."
P2-11,Punjab,Sikhism during the ten Gurus,Guru Hargobind: Akal Takht,Partial,Partial,Partial,Partial,Partial,Partial,Missing,Partial,Partial,Partial,Partial,2,history:punjab,3,True,AI-GENERATED (needs human review),"{""Notes"": [""guru-arjan-dev-ji"", ""guru-hargobind-to-tegh-bahadur""], ""Summary"": [""guru-hargobind-to-tegh-bahadur""], ""Key points"": [""guru-hargobind-to-tegh-bahadur""], ""Flip cards"": [""guru-hargobind-to-tegh-bahadur""]}",q-ghtb-2;gen-guru-hargobind-to-tegh-bahadur-fc-1,"HI/PA Partial is parent draft presence only; this concept translation has not been validated. Notes/MCQ anchors are candidate evidence, not substantive completion."
P2-12,Punjab,Sikhism during the ten Gurus,Guru Har Rai: contribution,Partial,Partial,Missing,Missing,Partial,Partial,Missing,Partial,Partial,Partial,Partial,1,history:punjab,3,True,AI-GENERATED (needs human review),"{""Notes"": [""guru-hargobind-to-tegh-bahadur""], ""Summary"": [""guru-hargobind-to-tegh-bahadur""], ""Key points"": [], ""Flip cards"": []}",q-ghtb-5,"HI/PA Partial is parent draft presence only; this concept translation has not been validated. Notes/MCQ anchors are candidate evidence, not substantive completion."
P2-13,Punjab,Sikhism during the ten Gurus,Guru Har Krishan: contribution,Partial,Partial,Missing,Missing,Partial,Partial,Missing,Partial,Partial,Partial,Partial,2,history:punjab,3,True,AI-GENERATED (needs human review),"{""Notes"": [""guru-hargobind-to-tegh-bahadur""], ""Summary"": [""guru-hargobind-to-tegh-bahadur""], ""Key points"": [], ""Flip cards"": []}",q-ghtb-6;q-ghtb-7,"HI/PA Partial is parent draft presence only; this concept translation has not been validated. Notes/MCQ anchors are candidate evidence, not substantive completion."
P2-14,Punjab,Sikhism during the ten Gurus,Guru Tegh Bahadur: teachings,Partial,Partial,Partial,Partial,Partial,Partial,Missing,Partial,Partial,Partial,Partial,7,history:punjab,3,True,AI-GENERATED (needs human review),"{""Notes"": [""guru-arjan-dev-ji"", ""guru-hargobind-to-tegh-bahadur"", ""guru-gobind-singh-ji""], ""Summary"": [""guru-hargobind-to-tegh-bahadur""], ""Key points"": [""guru-hargobind-to-tegh-bahadur""], ""Flip cards"": [""guru-hargobind-to-tegh-bahadur""]}",q-ghtb-8;q-ghtb-9;q-ghtb-10;gen-guru-hargobind-to-tegh-bahadur-fc-2;gen-guru-hargobind-to-tegh-bahadur-fc-3;gen-guru-hargobind-to-tegh-bahadur-fc-4;q-ggs-9,"HI/PA Partial is parent draft presence only; this concept translation has not been validated. Notes/MCQ anchors are candidate evidence, not substantive completion."
P2-15,Punjab,Sikhism during the ten Gurus,Guru Tegh Bahadur: martyrdom,Partial,Partial,Partial,Missing,Partial,Partial,Missing,Partial,Partial,Partial,Partial,3,history:punjab,3,True,AI-GENERATED (needs human review),"{""Notes"": [""guru-arjan-dev-ji"", ""guru-hargobind-to-tegh-bahadur"", ""guru-gobind-singh-ji""], ""Summary"": [""guru-arjan-dev-ji"", ""guru-hargobind-to-tegh-bahadur""], ""Key points"": [""guru-arjan-dev-ji"", ""guru-hargobind-to-tegh-bahadur"", ""guru-gobind-singh-ji""], ""Flip cards"": []}",q-gad-9;q-ghtb-10;q-ggs-5,"HI/PA Partial is parent draft presence only; this concept translation has not been validated. Notes/MCQ anchors are candidate evidence, not substantive completion."
P2-16,Punjab,Sikhism during the ten Gurus,Guru Gobind Singh: Khalsa creation,Partial,Partial,Partial,Missing,Missing,Missing,Missing,Partial,Partial,Partial,Partial,0,history:punjab,3,True,AI-GENERATED (needs human review),"{""Notes"": [""guru-gobind-singh-ji""], ""Summary"": [""guru-gobind-singh-ji""], ""Key points"": [""guru-gobind-singh-ji""], ""Flip cards"": []}",,"HI/PA Partial is parent draft presence only; this concept translation has not been validated. Notes/MCQ anchors are candidate evidence, not substantive completion."
P2-17,Punjab,Sikhism during the ten Gurus,Guru Gobind Singh: Five Ks,Partial,Missing,Missing,Missing,Missing,Missing,Missing,Partial,Partial,Partial,Partial,0,history:punjab,3,True,AI-GENERATED (needs human review),"{""Notes"": [""guru-gobind-singh-ji""], ""Summary"": [], ""Key points"": [], ""Flip cards"": []}",,"HI/PA Partial is parent draft presence only; this concept translation has not been validated. Notes/MCQ anchors are candidate evidence, not substantive completion."
P2-18,Punjab,Sikhism during the ten Gurus,Guru Gobind Singh: major conflicts,Partial,Partial,Partial,Missing,Partial,Partial,Missing,Partial,Partial,Partial,Partial,1,history:punjab,3,True,AI-GENERATED (needs human review),"{""Notes"": [""guru-gobind-singh-ji""], ""Summary"": [""guru-gobind-singh-ji""], ""Key points"": [""guru-gobind-singh-ji""], ""Flip cards"": []}",q-ggs-5,"HI/PA Partial is parent draft presence only; this concept translation has not been validated. Notes/MCQ anchors are candidate evidence, not substantive completion."
P2-19,Punjab,Sikhism during the ten Gurus,Guru Gobind Singh: Zafarnama,Partial,Partial,Partial,Partial,Partial,Partial,Missing,Partial,Partial,Partial,Partial,2,history:punjab,3,True,AI-GENERATED (needs human review),"{""Notes"": [""guru-gobind-singh-ji""], ""Summary"": [""guru-gobind-singh-ji""], ""Key points"": [""guru-gobind-singh-ji""], ""Flip cards"": [""guru-gobind-singh-ji""]}",q-ggs-7;gen-guru-gobind-singh-ji-fc-1,"HI/PA Partial is parent draft presence only; this concept translation has not been validated. Notes/MCQ anchors are candidate evidence, not substantive completion."
P2-20,Punjab,Sikhism during the ten Gurus,Guruship of Guru Granth Sahib,Partial,Partial,Partial,Missing,Partial,Partial,Missing,Partial,Partial,Partial,Partial,2,history:punjab,3,True,AI-GENERATED (needs human review),"{""Notes"": [""guru-angad-amar-ram-das"", ""guru-hargobind-to-tegh-bahadur"", ""guru-gobind-singh-ji""], ""Summary"": [""guru-gobind-singh-ji""], ""Key points"": [""guru-gobind-singh-ji""], ""Flip cards"": []}",q-gad-7;q-ggs-10,"HI/PA Partial is parent draft presence only; this concept translation has not been validated. Notes/MCQ anchors are candidate evidence, not substantive completion."
P3-1,Punjab,Banda Singh Bahadur: achievements,Banda: early background,Partial,Partial,Partial,Partial,Partial,Partial,Missing,Partial,Partial,Partial,Partial,4,history:punjab,3,True,AI-GENERATED (needs human review),"{""Notes"": [""banda-singh-bahadur-misls""], ""Summary"": [""banda-singh-bahadur-misls""], ""Key points"": [""banda-singh-bahadur-misls""], ""Flip cards"": [""banda-singh-bahadur-misls""]}",q-bsbm-1;q-bsbm-2;q-bsbm-3;gen-banda-singh-bahadur-misls-fc-1,"HI/PA Partial is parent draft presence only; this concept translation has not been validated. Notes/MCQ anchors are candidate evidence, not substantive completion."
P3-2,Punjab,Banda Singh Bahadur: achievements,Meeting with Guru Gobind Singh,Partial,Missing,Missing,Missing,Missing,Missing,Missing,Partial,Partial,Partial,Partial,0,history:punjab,3,True,AI-GENERATED (needs human review),"{""Notes"": [""banda-singh-bahadur-misls""], ""Summary"": [], ""Key points"": [], ""Flip cards"": []}",,"HI/PA Partial is parent draft presence only; this concept translation has not been validated. Notes/MCQ anchors are candidate evidence, not substantive completion."
P3-3,Punjab,Banda Singh Bahadur: achievements,Samana campaign,Partial,Missing,Missing,Missing,Missing,Missing,Missing,Partial,Partial,Partial,Partial,0,history:punjab,3,True,AI-GENERATED (needs human review),"{""Notes"": [""banda-singh-bahadur-misls""], ""Summary"": [], ""Key points"": [], ""Flip cards"": []}",,"HI/PA Partial is parent draft presence only; this concept translation has not been validated. Notes/MCQ anchors are candidate evidence, not substantive completion."
P3-4,Punjab,Banda Singh Bahadur: achievements,Chappar Chiri campaign,Partial,Partial,Partial,Partial,Missing,Missing,Missing,Partial,Partial,Partial,Partial,0,history:punjab,3,True,AI-GENERATED (needs human review),"{""Notes"": [""banda-singh-bahadur-misls""], ""Summary"": [""banda-singh-bahadur-misls""], ""Key points"": [""banda-singh-bahadur-misls""], ""Flip cards"": [""banda-singh-bahadur-misls""]}",,"HI/PA Partial is parent draft presence only; this concept translation has not been validated. Notes/MCQ anchors are candidate evidence, not substantive completion."
P3-5,Punjab,Banda Singh Bahadur: achievements,Lohgarh administration,Partial,Partial,Partial,Missing,Missing,Missing,Missing,Partial,Partial,Partial,Partial,0,history:punjab,3,True,AI-GENERATED (needs human review),"{""Notes"": [""banda-singh-bahadur-misls""], ""Summary"": [""banda-singh-bahadur-misls""], ""Key points"": [""banda-singh-bahadur-misls""], ""Flip cards"": []}",,"HI/PA Partial is parent draft presence only; this concept translation has not been validated. Notes/MCQ anchors are candidate evidence, not substantive completion."
P3-6,Punjab,Banda Singh Bahadur: achievements,Land arrangements under Banda,Partial,Partial,Partial,Missing,Missing,Missing,Missing,Partial,Partial,Partial,Partial,0,history:punjab,3,True,AI-GENERATED (needs human review),"{""Notes"": [""banda-singh-bahadur-misls""], ""Summary"": [""banda-singh-bahadur-misls""], ""Key points"": [""banda-singh-bahadur-misls""], ""Flip cards"": []}",,"HI/PA Partial is parent draft presence only; this concept translation has not been validated. Notes/MCQ anchors are candidate evidence, not substantive completion."
P3-7,Punjab,Banda Singh Bahadur: achievements,Coinage and authority,Partial,Missing,Missing,Missing,Missing,Missing,Missing,Partial,Partial,Partial,Partial,0,history:punjab,3,True,AI-GENERATED (needs human review),"{""Notes"": [""banda-singh-bahadur-misls""], ""Summary"": [], ""Key points"": [], ""Flip cards"": []}",,"HI/PA Partial is parent draft presence only; this concept translation has not been validated. Notes/MCQ anchors are candidate evidence, not substantive completion."
P3-8,Punjab,Banda Singh Bahadur: achievements,Capture and martyrdom,Partial,Partial,Partial,Missing,Partial,Partial,Missing,Partial,Partial,Partial,Partial,1,history:punjab,3,True,AI-GENERATED (needs human review),"{""Notes"": [""banda-singh-bahadur-misls""], ""Summary"": [""banda-singh-bahadur-misls""], ""Key points"": [""banda-singh-bahadur-misls""], ""Flip cards"": []}",q-bsbm-3,"HI/PA Partial is parent draft presence only; this concept translation has not been validated. Notes/MCQ anchors are candidate evidence, not substantive completion."
P4-1,Punjab,Emergence and development of Sikh Misls,Conditions for Misl formation,Partial,Partial,Missing,Partial,Partial,Partial,Missing,Partial,Partial,Partial,Partial,5,history:punjab,3,True,AI-GENERATED (needs human review),"{""Notes"": [""banda-singh-bahadur-misls""], ""Summary"": [""banda-singh-bahadur-misls""], ""Key points"": [], ""Flip cards"": [""banda-singh-bahadur-misls""]}",q-bsbm-7;q-bsbm-8;q-bsbm-9;q-bsbm-10;gen-banda-singh-bahadur-misls-fc-3,"HI/PA Partial is parent draft presence only; this concept translation has not been validated. Notes/MCQ anchors are candidate evidence, not substantive completion."
P4-2,Punjab,Emergence and development of Sikh Misls,Dal Khalsa organisation,Partial,Partial,Partial,Partial,Partial,Partial,Missing,Partial,Partial,Partial,Partial,3,history:punjab,3,True,AI-GENERATED (needs human review),"{""Notes"": [""banda-singh-bahadur-misls""], ""Summary"": [""banda-singh-bahadur-misls""], ""Key points"": [""banda-singh-bahadur-misls""], ""Flip cards"": [""banda-singh-bahadur-misls""]}",q-bsbm-5;q-bsbm-9;gen-banda-singh-bahadur-misls-fc-4,"HI/PA Partial is parent draft presence only; this concept translation has not been validated. Notes/MCQ anchors are candidate evidence, not substantive completion."
P4-3,Punjab,Emergence and development of Sikh Misls,Budha Dal,Missing,Missing,Missing,Missing,Missing,Missing,Missing,Partial,Missing,Missing,Missing,0,history:punjab,3,True,AI-GENERATED (needs human review),"{""Notes"": [], ""Summary"": [], ""Key points"": [], ""Flip cards"": []}",,"HI/PA Partial is parent draft presence only; this concept translation has not been validated. Notes/MCQ anchors are candidate evidence, not substantive completion."
P4-4,Punjab,Emergence and development of Sikh Misls,Taruna Dal,Partial,Missing,Missing,Missing,Missing,Missing,Missing,Partial,Partial,Partial,Partial,0,history:punjab,3,True,AI-GENERATED (needs human review),"{""Notes"": [""banda-singh-bahadur-misls""], ""Summary"": [], ""Key points"": [], ""Flip cards"": []}",,"HI/PA Partial is parent draft presence only; this concept translation has not been validated. Notes/MCQ anchors are candidate evidence, not substantive completion."
P4-5,Punjab,Emergence and development of Sikh Misls,Rakhi system,Partial,Partial,Missing,Partial,Partial,Partial,Missing,Partial,Partial,Partial,Partial,1,history:punjab,3,True,AI-GENERATED (needs human review),"{""Notes"": [""banda-singh-bahadur-misls""], ""Summary"": [""banda-singh-bahadur-misls""], ""Key points"": [], ""Flip cards"": [""banda-singh-bahadur-misls""]}",gen-banda-singh-bahadur-misls-fc-4,"HI/PA Partial is parent draft presence only; this concept translation has not been validated. Notes/MCQ anchors are candidate evidence, not substantive completion."
P4-6,Punjab,Emergence and development of Sikh Misls,Sarbat Khalsa,Partial,Missing,Missing,Missing,Missing,Missing,Missing,Partial,Partial,Partial,Partial,0,history:punjab,3,True,AI-GENERATED (needs human review),"{""Notes"": [""banda-singh-bahadur-misls""], ""Summary"": [], ""Key points"": [], ""Flip cards"": []}",,"HI/PA Partial is parent draft presence only; this concept translation has not been validated. Notes/MCQ anchors are candidate evidence, not substantive completion."
P4-7,Punjab,Emergence and development of Sikh Misls,Names and territories of twelve Misls,Partial,Partial,Partial,Partial,Partial,Partial,Missing,Partial,Partial,Partial,Partial,2,history:punjab,3,True,AI-GENERATED (needs human review),"{""Notes"": [""banda-singh-bahadur-misls""], ""Summary"": [""banda-singh-bahadur-misls""], ""Key points"": [""banda-singh-bahadur-misls""], ""Flip cards"": [""banda-singh-bahadur-misls""]}",q-bsbm-7;q-bsbm-9,"HI/PA Partial is parent draft presence only; this concept translation has not been validated. Notes/MCQ anchors are candidate evidence, not substantive completion."
P4-8,Punjab,Emergence and development of Sikh Misls,Sukerchakia Misl,Partial,Missing,Missing,Partial,Partial,Partial,Missing,Partial,Partial,Partial,Partial,1,history:punjab,3,True,AI-GENERATED (needs human review),"{""Notes"": [""banda-singh-bahadur-misls""], ""Summary"": [], ""Key points"": [], ""Flip cards"": [""banda-singh-bahadur-misls""]}",gen-banda-singh-bahadur-misls-fc-3,"HI/PA Partial is parent draft presence only; this concept translation has not been validated. Notes/MCQ anchors are candidate evidence, not substantive completion."
P4-9,Punjab,Emergence and development of Sikh Misls,Ahluwalia Misl,Partial,Partial,Partial,Missing,Missing,Missing,Missing,Partial,Partial,Partial,Partial,0,history:punjab,3,True,AI-GENERATED (needs human review),"{""Notes"": [""banda-singh-bahadur-misls""], ""Summary"": [""banda-singh-bahadur-misls""], ""Key points"": [""banda-singh-bahadur-misls""], ""Flip cards"": []}",,"HI/PA Partial is parent draft presence only; this concept translation has not been validated. Notes/MCQ anchors are candidate evidence, not substantive completion."
P4-10,Punjab,Emergence and development of Sikh Misls,Bhangi Misl,Partial,Missing,Missing,Missing,Missing,Missing,Missing,Partial,Partial,Partial,Partial,0,history:punjab,3,True,AI-GENERATED (needs human review),"{""Notes"": [""banda-singh-bahadur-misls""], ""Summary"": [], ""Key points"": [], ""Flip cards"": []}",,"HI/PA Partial is parent draft presence only; this concept translation has not been validated. Notes/MCQ anchors are candidate evidence, not substantive completion."
P4-11,Punjab,Emergence and development of Sikh Misls,Ramgarhia Misl,Partial,Missing,Missing,Missing,Missing,Missing,Missing,Partial,Partial,Partial,Partial,0,history:punjab,3,True,AI-GENERATED (needs human review),"{""Notes"": [""banda-singh-bahadur-misls""], ""Summary"": [], ""Key points"": [], ""Flip cards"": []}",,"HI/PA Partial is parent draft presence only; this concept translation has not been validated. Notes/MCQ anchors are candidate evidence, not substantive completion."
P4-12,Punjab,Emergence and development of Sikh Misls,Inter-Misl relations,Partial,Partial,Missing,Partial,Partial,Partial,Missing,Partial,Partial,Partial,Partial,5,history:punjab,3,True,AI-GENERATED (needs human review),"{""Notes"": [""banda-singh-bahadur-misls""], ""Summary"": [""banda-singh-bahadur-misls""], ""Key points"": [], ""Flip cards"": [""banda-singh-bahadur-misls""]}",q-bsbm-7;q-bsbm-8;q-bsbm-9;q-bsbm-10;gen-banda-singh-bahadur-misls-fc-3,"HI/PA Partial is parent draft presence only; this concept translation has not been validated. Notes/MCQ anchors are candidate evidence, not substantive completion."
P5-1,Punjab,"Ranjit Singh: early life, achievements and Anglo-Sikh relations to 1839",Early life and Sukerchakia inheritance,Partial,Missing,Missing,Missing,Missing,Missing,Missing,Partial,Partial,Partial,Partial,0,history:punjab,3,True,AI-GENERATED (needs human review),"{""Notes"": [""maharaja-ranjit-singh-empire""], ""Summary"": [], ""Key points"": [], ""Flip cards"": []}",,"HI/PA Partial is parent draft presence only; this concept translation has not been validated. Notes/MCQ anchors are candidate evidence, not substantive completion."
P5-2,Punjab,"Ranjit Singh: early life, achievements and Anglo-Sikh relations to 1839",Capture of Lahore,Partial,Partial,Partial,Missing,Missing,Missing,Missing,Partial,Partial,Partial,Partial,0,history:punjab,3,True,AI-GENERATED (needs human review),"{""Notes"": [""maharaja-ranjit-singh-empire""], ""Summary"": [""maharaja-ranjit-singh-empire""], ""Key points"": [""maharaja-ranjit-singh-empire""], ""Flip cards"": []}",,"HI/PA Partial is parent draft presence only; this concept translation has not been validated. Notes/MCQ anchors are candidate evidence, not substantive completion."
P5-3,Punjab,"Ranjit Singh: early life, achievements and Anglo-Sikh relations to 1839",Kingship and consolidation,Partial,Missing,Missing,Missing,Missing,Missing,Missing,Partial,Partial,Partial,Partial,0,history:punjab,3,True,AI-GENERATED (needs human review),"{""Notes"": [""maharaja-ranjit-singh-empire""], ""Summary"": [], ""Key points"": [], ""Flip cards"": []}",,"HI/PA Partial is parent draft presence only; this concept translation has not been validated. Notes/MCQ anchors are candidate evidence, not substantive completion."
P5-4,Punjab,"Ranjit Singh: early life, achievements and Anglo-Sikh relations to 1839",Multan conquest,Partial,Partial,Partial,Missing,Partial,Partial,Missing,Partial,Partial,Partial,Partial,1,history:punjab,3,True,AI-GENERATED (needs human review),"{""Notes"": [""maharaja-ranjit-singh-empire""], ""Summary"": [""maharaja-ranjit-singh-empire""], ""Key points"": [""maharaja-ranjit-singh-empire""], ""Flip cards"": []}",q-mrse-4,"HI/PA Partial is parent draft presence only; this concept translation has not been validated. Notes/MCQ anchors are candidate evidence, not substantive completion."
P5-5,Punjab,"Ranjit Singh: early life, achievements and Anglo-Sikh relations to 1839",Kashmir conquest,Partial,Partial,Partial,Missing,Partial,Partial,Missing,Partial,Partial,Partial,Partial,2,history:punjab,3,True,AI-GENERATED (needs human review),"{""Notes"": [""maharaja-ranjit-singh-empire""], ""Summary"": [""maharaja-ranjit-singh-empire""], ""Key points"": [""maharaja-ranjit-singh-empire""], ""Flip cards"": []}",q-mrse-4;q-mrse-6,"HI/PA Partial is parent draft presence only; this concept translation has not been validated. Notes/MCQ anchors are candidate evidence, not substantive completion."
P5-6,Punjab,"Ranjit Singh: early life, achievements and Anglo-Sikh relations to 1839",Peshawar frontier,Partial,Partial,Missing,Missing,Partial,Partial,Missing,Partial,Partial,Partial,Partial,1,history:punjab,3,True,AI-GENERATED (needs human review),"{""Notes"": [""maharaja-ranjit-singh-empire""], ""Summary"": [""maharaja-ranjit-singh-empire""], ""Key points"": [], ""Flip cards"": []}",q-mrse-4,"HI/PA Partial is parent draft presence only; this concept translation has not been validated. Notes/MCQ anchors are candidate evidence, not substantive completion."
P5-7,Punjab,"Ranjit Singh: early life, achievements and Anglo-Sikh relations to 1839",Civil administration,Partial,Missing,Missing,Missing,Missing,Missing,Missing,Partial,Partial,Partial,Partial,0,history:punjab,3,True,AI-GENERATED (needs human review),"{""Notes"": [""maharaja-ranjit-singh-empire""], ""Summary"": [], ""Key points"": [], ""Flip cards"": []}",,"HI/PA Partial is parent draft presence only; this concept translation has not been validated. Notes/MCQ anchors are candidate evidence, not substantive completion."
P5-8,Punjab,"Ranjit Singh: early life, achievements and Anglo-Sikh relations to 1839",Revenue administration,Partial,Missing,Missing,Missing,Missing,Missing,Missing,Partial,Partial,Partial,Partial,0,history:punjab,3,True,AI-GENERATED (needs human review),"{""Notes"": [""maharaja-ranjit-singh-empire""], ""Summary"": [], ""Key points"": [], ""Flip cards"": []}",,"HI/PA Partial is parent draft presence only; this concept translation has not been validated. Notes/MCQ anchors are candidate evidence, not substantive completion."
P5-9,Punjab,"Ranjit Singh: early life, achievements and Anglo-Sikh relations to 1839",Army reform,Partial,Partial,Missing,Missing,Partial,Partial,Missing,Partial,Partial,Partial,Partial,1,history:punjab,3,True,AI-GENERATED (needs human review),"{""Notes"": [""maharaja-ranjit-singh-empire""], ""Summary"": [""maharaja-ranjit-singh-empire""], ""Key points"": [], ""Flip cards"": []}",q-mrse-3,"HI/PA Partial is parent draft presence only; this concept translation has not been validated. Notes/MCQ anchors are candidate evidence, not substantive completion."
P5-10,Punjab,"Ranjit Singh: early life, achievements and Anglo-Sikh relations to 1839",Religious policy,Partial,Missing,Missing,Missing,Missing,Missing,Missing,Partial,Partial,Partial,Partial,0,history:punjab,3,True,AI-GENERATED (needs human review),"{""Notes"": [""maharaja-ranjit-singh-empire""], ""Summary"": [], ""Key points"": [], ""Flip cards"": []}",,"HI/PA Partial is parent draft presence only; this concept translation has not been validated. Notes/MCQ anchors are candidate evidence, not substantive completion."
P5-11,Punjab,"Ranjit Singh: early life, achievements and Anglo-Sikh relations to 1839",Treaty of Amritsar and relations with Britain,Partial,Partial,Partial,Partial,Partial,Partial,Missing,Partial,Partial,Partial,Partial,2,history:punjab,3,True,AI-GENERATED (needs human review),"{""Notes"": [""maharaja-ranjit-singh-empire""], ""Summary"": [""maharaja-ranjit-singh-empire""], ""Key points"": [""maharaja-ranjit-singh-empire""], ""Flip cards"": [""maharaja-ranjit-singh-empire""]}",q-mrse-2;gen-maharaja-ranjit-singh-empire-fc-1,"HI/PA Partial is parent draft presence only; this concept translation has not been validated. Notes/MCQ anchors are candidate evidence, not substantive completion."
P5-12,Punjab,"Ranjit Singh: early life, achievements and Anglo-Sikh relations to 1839",Relations up to 1839,Partial,Partial,Missing,Missing,Missing,Missing,Missing,Partial,Partial,Partial,Partial,0,history:punjab,3,True,AI-GENERATED (needs human review),"{""Notes"": [""maharaja-ranjit-singh-empire""], ""Summary"": [""maharaja-ranjit-singh-empire""], ""Key points"": [], ""Flip cards"": []}",,"HI/PA Partial is parent draft presence only; this concept translation has not been validated. Notes/MCQ anchors are candidate evidence, not substantive completion."
P6-1,Punjab,Anglo-Sikh wars and Punjab annexation,Succession crisis after Ranjit Singh,Partial,Missing,Missing,Missing,Missing,Missing,Missing,Partial,Partial,Partial,Partial,0,history:punjab,3,True,AI-GENERATED (needs human review),"{""Notes"": [""maharaja-ranjit-singh-empire""], ""Summary"": [], ""Key points"": [], ""Flip cards"": []}",,"HI/PA Partial is parent draft presence only; this concept translation has not been validated. Notes/MCQ anchors are candidate evidence, not substantive completion."
P6-2,Punjab,Anglo-Sikh wars and Punjab annexation,First war causes,Partial,Partial,Partial,Missing,Partial,Partial,Missing,Partial,Partial,Partial,Partial,1,history:punjab,3,True,AI-GENERATED (needs human review),"{""Notes"": [""maharaja-ranjit-singh-empire""], ""Summary"": [""maharaja-ranjit-singh-empire""], ""Key points"": [""maharaja-ranjit-singh-empire""], ""Flip cards"": []}",q-mrse-7,"HI/PA Partial is parent draft presence only; this concept translation has not been validated. Notes/MCQ anchors are candidate evidence, not substantive completion."
P6-3,Punjab,Anglo-Sikh wars and Punjab annexation,Mudki,Partial,Missing,Partial,Missing,Missing,Missing,Missing,Partial,Partial,Partial,Partial,0,history:punjab,3,True,AI-GENERATED (needs human review),"{""Notes"": [""maharaja-ranjit-singh-empire""], ""Summary"": [], ""Key points"": [""maharaja-ranjit-singh-empire""], ""Flip cards"": []}",,"HI/PA Partial is parent draft presence only; this concept translation has not been validated. Notes/MCQ anchors are candidate evidence, not substantive completion."
P6-4,Punjab,Anglo-Sikh wars and Punjab annexation,Ferozeshah,Partial,Missing,Partial,Missing,Missing,Missing,Missing,Partial,Partial,Partial,Partial,0,history:punjab,3,True,AI-GENERATED (needs human review),"{""Notes"": [""maharaja-ranjit-singh-empire""], ""Summary"": [], ""Key points"": [""maharaja-ranjit-singh-empire""], ""Flip cards"": []}",,"HI/PA Partial is parent draft presence only; this concept translation has not been validated. Notes/MCQ anchors are candidate evidence, not substantive completion."
P6-5,Punjab,Anglo-Sikh wars and Punjab annexation,Baddowal,Partial,Missing,Partial,Missing,Missing,Missing,Missing,Partial,Partial,Partial,Partial,0,history:punjab,3,True,AI-GENERATED (needs human review),"{""Notes"": [""maharaja-ranjit-singh-empire""], ""Summary"": [], ""Key points"": [""maharaja-ranjit-singh-empire""], ""Flip cards"": []}",,"HI/PA Partial is parent draft presence only; this concept translation has not been validated. Notes/MCQ anchors are candidate evidence, not substantive completion."
P6-6,Punjab,Anglo-Sikh wars and Punjab annexation,Aliwal,Partial,Missing,Partial,Missing,Missing,Missing,Missing,Partial,Partial,Partial,Partial,0,history:punjab,3,True,AI-GENERATED (needs human review),"{""Notes"": [""maharaja-ranjit-singh-empire""], ""Summary"": [], ""Key points"": [""maharaja-ranjit-singh-empire""], ""Flip cards"": []}",,"HI/PA Partial is parent draft presence only; this concept translation has not been validated. Notes/MCQ anchors are candidate evidence, not substantive completion."
P6-7,Punjab,Anglo-Sikh wars and Punjab annexation,Sobraon,Partial,Missing,Partial,Partial,Partial,Partial,Missing,Partial,Partial,Partial,Partial,2,history:punjab,3,True,AI-GENERATED (needs human review),"{""Notes"": [""maharaja-ranjit-singh-empire""], ""Summary"": [], ""Key points"": [""maharaja-ranjit-singh-empire""], ""Flip cards"": [""maharaja-ranjit-singh-empire""]}",q-mrse-8;gen-maharaja-ranjit-singh-empire-fc-3,"HI/PA Partial is parent draft presence only; this concept translation has not been validated. Notes/MCQ anchors are candidate evidence, not substantive completion."
P6-8,Punjab,Anglo-Sikh wars and Punjab annexation,Treaty of Lahore,Partial,Missing,Partial,Missing,Missing,Missing,Missing,Partial,Partial,Partial,Partial,0,history:punjab,3,True,AI-GENERATED (needs human review),"{""Notes"": [""maharaja-ranjit-singh-empire""], ""Summary"": [], ""Key points"": [""maharaja-ranjit-singh-empire""], ""Flip cards"": []}",,"HI/PA Partial is parent draft presence only; this concept translation has not been validated. Notes/MCQ anchors are candidate evidence, not substantive completion."
P6-9,Punjab,Anglo-Sikh wars and Punjab annexation,Treaty of Bhairowal,Partial,Missing,Partial,Missing,Missing,Missing,Missing,Partial,Partial,Partial,Partial,0,history:punjab,3,True,AI-GENERATED (needs human review),"{""Notes"": [""maharaja-ranjit-singh-empire""], ""Summary"": [], ""Key points"": [""maharaja-ranjit-singh-empire""], ""Flip cards"": []}",,"HI/PA Partial is parent draft presence only; this concept translation has not been validated. Notes/MCQ anchors are candidate evidence, not substantive completion."
P6-10,Punjab,Anglo-Sikh wars and Punjab annexation,Second war causes,Partial,Missing,Missing,Missing,Missing,Missing,Missing,Partial,Partial,Partial,Partial,0,history:punjab,3,True,AI-GENERATED (needs human review),"{""Notes"": [""maharaja-ranjit-singh-empire""], ""Summary"": [], ""Key points"": [], ""Flip cards"": []}",,"HI/PA Partial is parent draft presence only; this concept translation has not been validated. Notes/MCQ anchors are candidate evidence, not substantive completion."
P6-11,Punjab,Anglo-Sikh wars and Punjab annexation,Ramnagar,Partial,Missing,Missing,Missing,Missing,Missing,Missing,Partial,Partial,Partial,Partial,0,history:punjab,3,True,AI-GENERATED (needs human review),"{""Notes"": [""maharaja-ranjit-singh-empire""], ""Summary"": [], ""Key points"": [], ""Flip cards"": []}",,"HI/PA Partial is parent draft presence only; this concept translation has not been validated. Notes/MCQ anchors are candidate evidence, not substantive completion."
P6-12,Punjab,Anglo-Sikh wars and Punjab annexation,Chillianwala,Partial,Missing,Missing,Missing,Missing,Missing,Missing,Partial,Partial,Partial,Partial,0,history:punjab,3,True,AI-GENERATED (needs human review),"{""Notes"": [""maharaja-ranjit-singh-empire""], ""Summary"": [], ""Key points"": [], ""Flip cards"": []}",,"HI/PA Partial is parent draft presence only; this concept translation has not been validated. Notes/MCQ anchors are candidate evidence, not substantive completion."
P6-13,Punjab,Anglo-Sikh wars and Punjab annexation,Multan siege,Partial,Partial,Partial,Missing,Partial,Partial,Missing,Partial,Partial,Partial,Partial,1,history:punjab,3,True,AI-GENERATED (needs human review),"{""Notes"": [""maharaja-ranjit-singh-empire""], ""Summary"": [""maharaja-ranjit-singh-empire""], ""Key points"": [""maharaja-ranjit-singh-empire""], ""Flip cards"": []}",q-mrse-4,"HI/PA Partial is parent draft presence only; this concept translation has not been validated. Notes/MCQ anchors are candidate evidence, not substantive completion."
P6-14,Punjab,Anglo-Sikh wars and Punjab annexation,Gujrat battle,Partial,Missing,Partial,Partial,Missing,Missing,Missing,Partial,Partial,Partial,Partial,0,history:punjab,3,True,AI-GENERATED (needs human review),"{""Notes"": [""maharaja-ranjit-singh-empire""], ""Summary"": [], ""Key points"": [""maharaja-ranjit-singh-empire""], ""Flip cards"": [""maharaja-ranjit-singh-empire""]}",,"HI/PA Partial is parent draft presence only; this concept translation has not been validated. Notes/MCQ anchors are candidate evidence, not substantive completion."
P6-15,Punjab,Anglo-Sikh wars and Punjab annexation,Annexation process and effects,Partial,Partial,Partial,Partial,Partial,Partial,Missing,Partial,Partial,Partial,Partial,1,history:punjab,3,True,AI-GENERATED (needs human review),"{""Notes"": [""maharaja-ranjit-singh-empire""], ""Summary"": [""maharaja-ranjit-singh-empire""], ""Key points"": [""maharaja-ranjit-singh-empire""], ""Flip cards"": [""maharaja-ranjit-singh-empire""]}",q-mrse-10,"HI/PA Partial is parent draft presence only; this concept translation has not been validated. Notes/MCQ anchors are candidate evidence, not substantive completion."
I1-1,Ancient India,"Harappan civilisation: origin, date, extent, features and decline",Origins of urbanisation,Missing,Missing,Missing,Missing,Missing,Missing,Missing,Partial,Missing,Missing,Missing,0,history:ancient-india,4,True,AI-GENERATED (needs human review),"{""Notes"": [], ""Summary"": [], ""Key points"": [], ""Flip cards"": []}",,"HI/PA Partial is parent draft presence only; this concept translation has not been validated. Notes/MCQ anchors are candidate evidence, not substantive completion."
I1-2,Ancient India,"Harappan civilisation: origin, date, extent, features and decline",Chronological phases,Partial,Missing,Partial,Partial,Missing,Missing,Missing,Partial,Partial,Partial,Partial,0,history:ancient-india,4,True,AI-GENERATED (needs human review),"{""Notes"": [""ancient-india""], ""Summary"": [], ""Key points"": [""ancient-india""], ""Flip cards"": [""ancient-india""]}",,"HI/PA Partial is parent draft presence only; this concept translation has not been validated. Notes/MCQ anchors are candidate evidence, not substantive completion."
I1-3,Ancient India,"Harappan civilisation: origin, date, extent, features and decline",Geographical extent,Partial,Missing,Partial,Missing,Partial,Partial,Missing,Partial,Partial,Partial,Partial,1,history:ancient-india,4,True,AI-GENERATED (needs human review),"{""Notes"": [""ancient-india""], ""Summary"": [], ""Key points"": [""ancient-india""], ""Flip cards"": []}",sst-harappa-q8,"HI/PA Partial is parent draft presence only; this concept translation has not been validated. Notes/MCQ anchors are candidate evidence, not substantive completion."
I1-4,Ancient India,"Harappan civilisation: origin, date, extent, features and decline",Harappa site evidence,Partial,Missing,Partial,Missing,Partial,Partial,Missing,Partial,Partial,Partial,Partial,1,history:ancient-india,4,True,AI-GENERATED (needs human review),"{""Notes"": [""ancient-india""], ""Summary"": [], ""Key points"": [""ancient-india""], ""Flip cards"": []}",sst-harappa-q8,"HI/PA Partial is parent draft presence only; this concept translation has not been validated. Notes/MCQ anchors are candidate evidence, not substantive completion."
I1-5,Ancient India,"Harappan civilisation: origin, date, extent, features and decline",Mohenjo-daro site evidence,Partial,Missing,Partial,Missing,Partial,Partial,Missing,Partial,Partial,Partial,Partial,1,history:ancient-india,4,True,AI-GENERATED (needs human review),"{""Notes"": [""ancient-india""], ""Summary"": [], ""Key points"": [""ancient-india""], ""Flip cards"": []}",sst-harappa-q8,"HI/PA Partial is parent draft presence only; this concept translation has not been validated. Notes/MCQ anchors are candidate evidence, not substantive completion."
I1-6,Ancient India,"Harappan civilisation: origin, date, extent, features and decline",Dholavira water management,Partial,Missing,Missing,Missing,Missing,Missing,Missing,Partial,Partial,Partial,Partial,0,history:ancient-india,4,True,AI-GENERATED (needs human review),"{""Notes"": [""ancient-india""], ""Summary"": [], ""Key points"": [], ""Flip cards"": []}",,"HI/PA Partial is parent draft presence only; this concept translation has not been validated. Notes/MCQ anchors are candidate evidence, not substantive completion."
I1-7,Ancient India,"Harappan civilisation: origin, date, extent, features and decline",Urban planning,Partial,Missing,Missing,Missing,Missing,Missing,Missing,Partial,Partial,Partial,Partial,0,history:ancient-india,4,True,AI-GENERATED (needs human review),"{""Notes"": [""ancient-india""], ""Summary"": [], ""Key points"": [], ""Flip cards"": []}",,"HI/PA Partial is parent draft presence only; this concept translation has not been validated. Notes/MCQ anchors are candidate evidence, not substantive completion."
I1-8,Ancient India,"Harappan civilisation: origin, date, extent, features and decline",Drainage,Partial,Missing,Missing,Missing,Missing,Missing,Missing,Partial,Partial,Partial,Partial,0,history:ancient-india,4,True,AI-GENERATED (needs human review),"{""Notes"": [""ancient-india""], ""Summary"": [], ""Key points"": [], ""Flip cards"": []}",,"HI/PA Partial is parent draft presence only; this concept translation has not been validated. Notes/MCQ anchors are candidate evidence, not substantive completion."
I1-9,Ancient India,"Harappan civilisation: origin, date, extent, features and decline",Crafts and exchange,Partial,Missing,Missing,Missing,Missing,Missing,Missing,Partial,Partial,Partial,Partial,0,history:ancient-india,4,True,AI-GENERATED (needs human review),"{""Notes"": [""ancient-india""], ""Summary"": [], ""Key points"": [], ""Flip cards"": []}",,"HI/PA Partial is parent draft presence only; this concept translation has not been validated. Notes/MCQ anchors are candidate evidence, not substantive completion."
I1-10,Ancient India,"Harappan civilisation: origin, date, extent, features and decline",Seals and script,Partial,Missing,Missing,Missing,Missing,Missing,Missing,Partial,Partial,Partial,Partial,0,history:ancient-india,4,True,AI-GENERATED (needs human review),"{""Notes"": [""ancient-india""], ""Summary"": [], ""Key points"": [], ""Flip cards"": []}",,"HI/PA Partial is parent draft presence only; this concept translation has not been validated. Notes/MCQ anchors are candidate evidence, not substantive completion."
I1-11,Ancient India,"Harappan civilisation: origin, date, extent, features and decline",Society and burial evidence,Partial,Missing,Missing,Missing,Missing,Missing,Missing,Partial,Partial,Partial,Partial,0,history:ancient-india,4,True,AI-GENERATED (needs human review),"{""Notes"": [""ancient-india""], ""Summary"": [], ""Key points"": [], ""Flip cards"": []}",,"HI/PA Partial is parent draft presence only; this concept translation has not been validated. Notes/MCQ anchors are candidate evidence, not substantive completion."
I1-12,Ancient India,"Harappan civilisation: origin, date, extent, features and decline",Decline hypotheses,Missing,Missing,Missing,Missing,Partial,Partial,Missing,Partial,Missing,Missing,Missing,1,history:ancient-india,4,True,AI-GENERATED (needs human review),"{""Notes"": [], ""Summary"": [], ""Key points"": [], ""Flip cards"": []}",sst-harappa-q10,"HI/PA Partial is parent draft presence only; this concept translation has not been validated. Notes/MCQ anchors are candidate evidence, not substantive completion."
I2-1,Ancient India,"Rigvedic civilisation: origins and social, political, economic, religious life",Sources for Rigvedic history,Partial,Missing,Missing,Missing,Missing,Missing,Missing,Partial,Partial,Partial,Partial,0,history:ancient-india,4,True,AI-GENERATED (needs human review),"{""Notes"": [""ancient-india""], ""Summary"": [], ""Key points"": [], ""Flip cards"": []}",,"HI/PA Partial is parent draft presence only; this concept translation has not been validated. Notes/MCQ anchors are candidate evidence, not substantive completion."
I2-2,Ancient India,"Rigvedic civilisation: origins and social, political, economic, religious life",Aryan-origin debates and evidence,Missing,Missing,Missing,Missing,Missing,Missing,Missing,Partial,Missing,Missing,Missing,0,history:ancient-india,4,True,AI-GENERATED (needs human review),"{""Notes"": [], ""Summary"": [], ""Key points"": [], ""Flip cards"": []}",,"HI/PA Partial is parent draft presence only; this concept translation has not been validated. Notes/MCQ anchors are candidate evidence, not substantive completion."
I2-3,Ancient India,"Rigvedic civilisation: origins and social, political, economic, religious life",Sapta Sindhu setting,Partial,Missing,Missing,Missing,Missing,Missing,Missing,Partial,Partial,Partial,Partial,0,history:ancient-india,4,True,AI-GENERATED (needs human review),"{""Notes"": [""ancient-india""], ""Summary"": [], ""Key points"": [], ""Flip cards"": []}",,"HI/PA Partial is parent draft presence only; this concept translation has not been validated. Notes/MCQ anchors are candidate evidence, not substantive completion."
I2-4,Ancient India,"Rigvedic civilisation: origins and social, political, economic, religious life",Social organisation,Missing,Missing,Missing,Missing,Missing,Missing,Missing,Partial,Missing,Missing,Missing,0,history:ancient-india,4,True,AI-GENERATED (needs human review),"{""Notes"": [], ""Summary"": [], ""Key points"": [], ""Flip cards"": []}",,"HI/PA Partial is parent draft presence only; this concept translation has not been validated. Notes/MCQ anchors are candidate evidence, not substantive completion."
I2-5,Ancient India,"Rigvedic civilisation: origins and social, political, economic, religious life",Political assemblies,Missing,Missing,Missing,Missing,Missing,Missing,Missing,Partial,Missing,Missing,Missing,0,history:ancient-india,4,True,AI-GENERATED (needs human review),"{""Notes"": [], ""Summary"": [], ""Key points"": [], ""Flip cards"": []}",,"HI/PA Partial is parent draft presence only; this concept translation has not been validated. Notes/MCQ anchors are candidate evidence, not substantive completion."
I2-6,Ancient India,"Rigvedic civilisation: origins and social, political, economic, religious life",Kingship,Missing,Missing,Missing,Missing,Missing,Missing,Missing,Partial,Missing,Missing,Missing,0,history:ancient-india,4,True,AI-GENERATED (needs human review),"{""Notes"": [], ""Summary"": [], ""Key points"": [], ""Flip cards"": []}",,"HI/PA Partial is parent draft presence only; this concept translation has not been validated. Notes/MCQ anchors are candidate evidence, not substantive completion."
I2-7,Ancient India,"Rigvedic civilisation: origins and social, political, economic, religious life",Pastoral economy,Missing,Missing,Missing,Missing,Missing,Missing,Missing,Partial,Missing,Missing,Missing,0,history:ancient-india,4,True,AI-GENERATED (needs human review),"{""Notes"": [], ""Summary"": [], ""Key points"": [], ""Flip cards"": []}",,"HI/PA Partial is parent draft presence only; this concept translation has not been validated. Notes/MCQ anchors are candidate evidence, not substantive completion."
I2-8,Ancient India,"Rigvedic civilisation: origins and social, political, economic, religious life",Agriculture,Missing,Missing,Missing,Missing,Missing,Missing,Missing,Partial,Missing,Missing,Missing,0,history:ancient-india,4,True,AI-GENERATED (needs human review),"{""Notes"": [], ""Summary"": [], ""Key points"": [], ""Flip cards"": []}",,"HI/PA Partial is parent draft presence only; this concept translation has not been validated. Notes/MCQ anchors are candidate evidence, not substantive completion."
I2-9,Ancient India,"Rigvedic civilisation: origins and social, political, economic, religious life",Religious practices,Missing,Missing,Missing,Missing,Missing,Missing,Missing,Partial,Missing,Missing,Missing,0,history:ancient-india,4,True,AI-GENERATED (needs human review),"{""Notes"": [], ""Summary"": [], ""Key points"": [], ""Flip cards"": []}",,"HI/PA Partial is parent draft presence only; this concept translation has not been validated. Notes/MCQ anchors are candidate evidence, not substantive completion."
I3-1,Ancient India,Jainism and Buddhism,Conditions for religious change,Partial,Missing,Missing,Missing,Missing,Missing,Missing,Partial,Partial,Partial,Partial,0,history:ancient-india,4,True,AI-GENERATED (needs human review),"{""Notes"": [""ancient-india""], ""Summary"": [], ""Key points"": [], ""Flip cards"": []}",,"HI/PA Partial is parent draft presence only; this concept translation has not been validated. Notes/MCQ anchors are candidate evidence, not substantive completion."
I3-2,Ancient India,Jainism and Buddhism,Mahavira and Tirthankaras,Partial,Missing,Missing,Missing,Partial,Partial,Missing,Partial,Partial,Partial,Partial,1,history:ancient-india,4,True,AI-GENERATED (needs human review),"{""Notes"": [""ancient-india""], ""Summary"": [], ""Key points"": [], ""Flip cards"": []}",sst-buddhism-jainism-q3,"HI/PA Partial is parent draft presence only; this concept translation has not been validated. Notes/MCQ anchors are candidate evidence, not substantive completion."
I3-3,Ancient India,Jainism and Buddhism,Jain Triratna,Partial,Missing,Missing,Missing,Missing,Missing,Missing,Partial,Partial,Partial,Partial,0,history:ancient-india,4,True,AI-GENERATED (needs human review),"{""Notes"": [""ancient-india""], ""Summary"": [], ""Key points"": [], ""Flip cards"": []}",,"HI/PA Partial is parent draft presence only; this concept translation has not been validated. Notes/MCQ anchors are candidate evidence, not substantive completion."
I3-4,Ancient India,Jainism and Buddhism,Five Jain vows,Partial,Missing,Missing,Missing,Missing,Missing,Missing,Partial,Partial,Partial,Partial,0,history:ancient-india,4,True,AI-GENERATED (needs human review),"{""Notes"": [""ancient-india""], ""Summary"": [], ""Key points"": [], ""Flip cards"": []}",,"HI/PA Partial is parent draft presence only; this concept translation has not been validated. Notes/MCQ anchors are candidate evidence, not substantive completion."
I3-5,Ancient India,Jainism and Buddhism,Buddha life events,Partial,Missing,Missing,Missing,Partial,Partial,Missing,Partial,Partial,Partial,Partial,1,history:ancient-india,4,True,AI-GENERATED (needs human review),"{""Notes"": [""ancient-india""], ""Summary"": [], ""Key points"": [], ""Flip cards"": []}",sst-buddhism-jainism-q1,"HI/PA Partial is parent draft presence only; this concept translation has not been validated. Notes/MCQ anchors are candidate evidence, not substantive completion."
I3-6,Ancient India,Jainism and Buddhism,Four Noble Truths,Partial,Missing,Missing,Missing,Partial,Partial,Missing,Partial,Partial,Partial,Partial,1,history:ancient-india,4,True,AI-GENERATED (needs human review),"{""Notes"": [""ancient-india""], ""Summary"": [], ""Key points"": [], ""Flip cards"": []}",sst-buddhism-jainism-q8,"HI/PA Partial is parent draft presence only; this concept translation has not been validated. Notes/MCQ anchors are candidate evidence, not substantive completion."
I3-7,Ancient India,Jainism and Buddhism,Eightfold Path,Partial,Missing,Missing,Missing,Missing,Missing,Missing,Partial,Partial,Partial,Partial,0,history:ancient-india,4,True,AI-GENERATED (needs human review),"{""Notes"": [""ancient-india""], ""Summary"": [], ""Key points"": [], ""Flip cards"": []}",,"HI/PA Partial is parent draft presence only; this concept translation has not been validated. Notes/MCQ anchors are candidate evidence, not substantive completion."
I3-8,Ancient India,Jainism and Buddhism,Buddhist Sangha,Missing,Missing,Missing,Missing,Partial,Partial,Missing,Partial,Missing,Missing,Missing,1,history:ancient-india,4,True,AI-GENERATED (needs human review),"{""Notes"": [], ""Summary"": [], ""Key points"": [], ""Flip cards"": []}",sst-buddhism-jainism-q7,"HI/PA Partial is parent draft presence only; this concept translation has not been validated. Notes/MCQ anchors are candidate evidence, not substantive completion."
I3-9,Ancient India,Jainism and Buddhism,Buddhist councils,Missing,Missing,Missing,Missing,Missing,Missing,Missing,Partial,Missing,Missing,Missing,0,history:ancient-india,4,True,AI-GENERATED (needs human review),"{""Notes"": [], ""Summary"": [], ""Key points"": [], ""Flip cards"": []}",,"HI/PA Partial is parent draft presence only; this concept translation has not been validated. Notes/MCQ anchors are candidate evidence, not substantive completion."
I3-10,Ancient India,Jainism and Buddhism,Schools and spread,Missing,Missing,Missing,Missing,Missing,Missing,Missing,Partial,Missing,Missing,Missing,0,history:ancient-india,4,True,AI-GENERATED (needs human review),"{""Notes"": [], ""Summary"": [], ""Key points"": [], ""Flip cards"": []}",,"HI/PA Partial is parent draft presence only; this concept translation has not been validated. Notes/MCQ anchors are candidate evidence, not substantive completion."
I4-1,Ancient India,Mauryas: Chandragupta and Ashoka,Foundation of Mauryan power,Partial,Missing,Missing,Missing,Missing,Missing,Missing,Partial,Partial,Partial,Partial,0,history:ancient-india,4,True,AI-GENERATED (needs human review),"{""Notes"": [""ancient-india""], ""Summary"": [], ""Key points"": [], ""Flip cards"": []}",,"HI/PA Partial is parent draft presence only; this concept translation has not been validated. Notes/MCQ anchors are candidate evidence, not substantive completion."
I4-2,Ancient India,Mauryas: Chandragupta and Ashoka,Arthashastra source limitations,Partial,Missing,Missing,Missing,Missing,Missing,Missing,Partial,Partial,Partial,Partial,0,history:ancient-india,4,True,AI-GENERATED (needs human review),"{""Notes"": [""ancient-india""], ""Summary"": [], ""Key points"": [], ""Flip cards"": []}",,"HI/PA Partial is parent draft presence only; this concept translation has not been validated. Notes/MCQ anchors are candidate evidence, not substantive completion."
I4-3,Ancient India,Mauryas: Chandragupta and Ashoka,Indica as a source,Partial,Missing,Missing,Missing,Missing,Missing,Missing,Partial,Partial,Partial,Partial,0,history:ancient-india,4,True,AI-GENERATED (needs human review),"{""Notes"": [""ancient-india""], ""Summary"": [], ""Key points"": [], ""Flip cards"": []}",,"HI/PA Partial is parent draft presence only; this concept translation has not been validated. Notes/MCQ anchors are candidate evidence, not substantive completion."
I4-4,Ancient India,Mauryas: Chandragupta and Ashoka,Mauryan administration,Missing,Missing,Missing,Missing,Missing,Missing,Missing,Partial,Missing,Missing,Missing,0,history:ancient-india,4,True,AI-GENERATED (needs human review),"{""Notes"": [], ""Summary"": [], ""Key points"": [], ""Flip cards"": []}",,"HI/PA Partial is parent draft presence only; this concept translation has not been validated. Notes/MCQ anchors are candidate evidence, not substantive completion."
I4-5,Ancient India,Mauryas: Chandragupta and Ashoka,Mauryan economy,Missing,Missing,Missing,Missing,Missing,Missing,Missing,Partial,Missing,Missing,Missing,0,history:ancient-india,4,True,AI-GENERATED (needs human review),"{""Notes"": [], ""Summary"": [], ""Key points"": [], ""Flip cards"": []}",,"HI/PA Partial is parent draft presence only; this concept translation has not been validated. Notes/MCQ anchors are candidate evidence, not substantive completion."
I4-6,Ancient India,Mauryas: Chandragupta and Ashoka,Kalinga war,Partial,Missing,Partial,Partial,Partial,Partial,Missing,Partial,Partial,Partial,Partial,1,history:ancient-india,4,True,AI-GENERATED (needs human review),"{""Notes"": [""ancient-india""], ""Summary"": [], ""Key points"": [""ancient-india""], ""Flip cards"": [""ancient-india""]}",sst-maurya-q3,"HI/PA Partial is parent draft presence only; this concept translation has not been validated. Notes/MCQ anchors are candidate evidence, not substantive completion."
I4-7,Ancient India,Mauryas: Chandragupta and Ashoka,Dhamma principles,Partial,Missing,Partial,Missing,Partial,Partial,Missing,Partial,Partial,Partial,Partial,1,history:ancient-india,4,True,AI-GENERATED (needs human review),"{""Notes"": [""ancient-india""], ""Summary"": [], ""Key points"": [""ancient-india""], ""Flip cards"": []}",sst-maurya-q5,"HI/PA Partial is parent draft presence only; this concept translation has not been validated. Notes/MCQ anchors are candidate evidence, not substantive completion."
I4-8,Ancient India,Mauryas: Chandragupta and Ashoka,Edict evidence,Partial,Missing,Partial,Partial,Partial,Partial,Missing,Partial,Partial,Partial,Partial,1,history:ancient-india,4,True,AI-GENERATED (needs human review),"{""Notes"": [""ancient-india""], ""Summary"": [], ""Key points"": [""ancient-india""], ""Flip cards"": [""ancient-india""]}",sst-maurya-q4,"HI/PA Partial is parent draft presence only; this concept translation has not been validated. Notes/MCQ anchors are candidate evidence, not substantive completion."
I4-9,Ancient India,Mauryas: Chandragupta and Ashoka,Art and pillars,Missing,Missing,Missing,Missing,Missing,Missing,Missing,Partial,Missing,Missing,Missing,0,history:ancient-india,4,True,AI-GENERATED (needs human review),"{""Notes"": [], ""Summary"": [], ""Key points"": [], ""Flip cards"": []}",,"HI/PA Partial is parent draft presence only; this concept translation has not been validated. Notes/MCQ anchors are candidate evidence, not substantive completion."
I4-10,Ancient India,Mauryas: Chandragupta and Ashoka,Decline of Mauryas,Missing,Missing,Missing,Missing,Partial,Partial,Missing,Partial,Missing,Missing,Missing,1,history:ancient-india,4,True,AI-GENERATED (needs human review),"{""Notes"": [], ""Summary"": [], ""Key points"": [], ""Flip cards"": []}",sst-harappa-q10,"HI/PA Partial is parent draft presence only; this concept translation has not been validated. Notes/MCQ anchors are candidate evidence, not substantive completion."
I5-1,Ancient India,Guptas: Samudragupta and Chandragupta II,Rise of Gupta power,Partial,Missing,Missing,Missing,Missing,Missing,Missing,Partial,Partial,Partial,Partial,0,history:ancient-india,4,True,AI-GENERATED (needs human review),"{""Notes"": [""ancient-india""], ""Summary"": [], ""Key points"": [], ""Flip cards"": []}",,"HI/PA Partial is parent draft presence only; this concept translation has not been validated. Notes/MCQ anchors are candidate evidence, not substantive completion."
I5-2,Ancient India,Guptas: Samudragupta and Chandragupta II,Samudragupta campaigns,Missing,Missing,Missing,Missing,Missing,Missing,Missing,Partial,Missing,Missing,Missing,0,history:ancient-india,4,True,AI-GENERATED (needs human review),"{""Notes"": [], ""Summary"": [], ""Key points"": [], ""Flip cards"": []}",,"HI/PA Partial is parent draft presence only; this concept translation has not been validated. Notes/MCQ anchors are candidate evidence, not substantive completion."
I5-3,Ancient India,Guptas: Samudragupta and Chandragupta II,Prayaga inscription,Missing,Missing,Missing,Missing,Missing,Missing,Missing,Partial,Missing,Missing,Missing,0,history:ancient-india,4,True,AI-GENERATED (needs human review),"{""Notes"": [], ""Summary"": [], ""Key points"": [], ""Flip cards"": []}",,"HI/PA Partial is parent draft presence only; this concept translation has not been validated. Notes/MCQ anchors are candidate evidence, not substantive completion."
I5-4,Ancient India,Guptas: Samudragupta and Chandragupta II,Chandragupta II,Missing,Missing,Missing,Missing,Missing,Missing,Missing,Partial,Missing,Missing,Missing,0,history:ancient-india,4,True,AI-GENERATED (needs human review),"{""Notes"": [], ""Summary"": [], ""Key points"": [], ""Flip cards"": []}",,"HI/PA Partial is parent draft presence only; this concept translation has not been validated. Notes/MCQ anchors are candidate evidence, not substantive completion."
I5-5,Ancient India,Guptas: Samudragupta and Chandragupta II,Administration,Missing,Missing,Missing,Missing,Missing,Missing,Missing,Partial,Missing,Missing,Missing,0,history:ancient-india,4,True,AI-GENERATED (needs human review),"{""Notes"": [], ""Summary"": [], ""Key points"": [], ""Flip cards"": []}",,"HI/PA Partial is parent draft presence only; this concept translation has not been validated. Notes/MCQ anchors are candidate evidence, not substantive completion."
I5-6,Ancient India,Guptas: Samudragupta and Chandragupta II,Economy and land grants,Missing,Missing,Missing,Missing,Missing,Missing,Missing,Partial,Missing,Missing,Missing,0,history:ancient-india,4,True,AI-GENERATED (needs human review),"{""Notes"": [], ""Summary"": [], ""Key points"": [], ""Flip cards"": []}",,"HI/PA Partial is parent draft presence only; this concept translation has not been validated. Notes/MCQ anchors are candidate evidence, not substantive completion."
I5-7,Ancient India,Guptas: Samudragupta and Chandragupta II,Literature and science,Missing,Missing,Missing,Missing,Missing,Missing,Missing,Partial,Missing,Missing,Missing,0,history:ancient-india,4,True,AI-GENERATED (needs human review),"{""Notes"": [], ""Summary"": [], ""Key points"": [], ""Flip cards"": []}",,"HI/PA Partial is parent draft presence only; this concept translation has not been validated. Notes/MCQ anchors are candidate evidence, not substantive completion."
I5-8,Ancient India,Guptas: Samudragupta and Chandragupta II,Art and religion,Partial,Missing,Partial,Missing,Missing,Missing,Missing,Partial,Partial,Partial,Partial,0,history:ancient-india,4,True,AI-GENERATED (needs human review),"{""Notes"": [""ancient-india""], ""Summary"": [], ""Key points"": [""ancient-india""], ""Flip cards"": []}",,"HI/PA Partial is parent draft presence only; this concept translation has not been validated. Notes/MCQ anchors are candidate evidence, not substantive completion."
I5-9,Ancient India,Guptas: Samudragupta and Chandragupta II,Limits of golden-age description,Partial,Missing,Missing,Missing,Missing,Missing,Missing,Partial,Partial,Partial,Partial,0,history:ancient-india,4,True,AI-GENERATED (needs human review),"{""Notes"": [""ancient-india""], ""Summary"": [], ""Key points"": [], ""Flip cards"": []}",,"HI/PA Partial is parent draft presence only; this concept translation has not been validated. Notes/MCQ anchors are candidate evidence, not substantive completion."
I6-1,Ancient India,"Harsha: campaigns, diplomacy, literature and education",Harsha accession,Missing,Missing,Missing,Missing,Missing,Missing,Missing,Partial,Missing,Missing,Missing,0,history:ancient-india,4,True,AI-GENERATED (needs human review),"{""Notes"": [], ""Summary"": [], ""Key points"": [], ""Flip cards"": []}",,"HI/PA Partial is parent draft presence only; this concept translation has not been validated. Notes/MCQ anchors are candidate evidence, not substantive completion."
I6-2,Ancient India,"Harsha: campaigns, diplomacy, literature and education",Campaigns and territorial extent,Missing,Missing,Missing,Missing,Missing,Missing,Missing,Partial,Missing,Missing,Missing,0,history:ancient-india,4,True,AI-GENERATED (needs human review),"{""Notes"": [], ""Summary"": [], ""Key points"": [], ""Flip cards"": []}",,"HI/PA Partial is parent draft presence only; this concept translation has not been validated. Notes/MCQ anchors are candidate evidence, not substantive completion."
I6-3,Ancient India,"Harsha: campaigns, diplomacy, literature and education",Relations with Pulakeshin II,Missing,Missing,Missing,Missing,Missing,Missing,Missing,Partial,Missing,Missing,Missing,0,history:ancient-india,4,True,AI-GENERATED (needs human review),"{""Notes"": [], ""Summary"": [], ""Key points"": [], ""Flip cards"": []}",,"HI/PA Partial is parent draft presence only; this concept translation has not been validated. Notes/MCQ anchors are candidate evidence, not substantive completion."
I6-4,Ancient India,"Harsha: campaigns, diplomacy, literature and education",Diplomatic relations,Missing,Missing,Missing,Missing,Missing,Missing,Missing,Partial,Missing,Missing,Missing,0,history:ancient-india,4,True,AI-GENERATED (needs human review),"{""Notes"": [], ""Summary"": [], ""Key points"": [], ""Flip cards"": []}",,"HI/PA Partial is parent draft presence only; this concept translation has not been validated. Notes/MCQ anchors are candidate evidence, not substantive completion."
I6-5,Ancient India,"Harsha: campaigns, diplomacy, literature and education",Banabhatta and Harshacharita,Missing,Missing,Missing,Missing,Missing,Missing,Missing,Partial,Missing,Missing,Missing,0,history:ancient-india,4,True,AI-GENERATED (needs human review),"{""Notes"": [], ""Summary"": [], ""Key points"": [], ""Flip cards"": []}",,"HI/PA Partial is parent draft presence only; this concept translation has not been validated. Notes/MCQ anchors are candidate evidence, not substantive completion."
I6-6,Ancient India,"Harsha: campaigns, diplomacy, literature and education",Xuanzang as a source,Missing,Missing,Missing,Missing,Missing,Missing,Missing,Partial,Missing,Missing,Missing,0,history:ancient-india,4,True,AI-GENERATED (needs human review),"{""Notes"": [], ""Summary"": [], ""Key points"": [], ""Flip cards"": []}",,"HI/PA Partial is parent draft presence only; this concept translation has not been validated. Notes/MCQ anchors are candidate evidence, not substantive completion."
I6-7,Ancient India,"Harsha: campaigns, diplomacy, literature and education",Literary patronage,Missing,Missing,Missing,Missing,Missing,Missing,Missing,Partial,Missing,Missing,Missing,0,history:ancient-india,4,True,AI-GENERATED (needs human review),"{""Notes"": [], ""Summary"": [], ""Key points"": [], ""Flip cards"": []}",,"HI/PA Partial is parent draft presence only; this concept translation has not been validated. Notes/MCQ anchors are candidate evidence, not substantive completion."
I6-8,Ancient India,"Harsha: campaigns, diplomacy, literature and education",Education and Nalanda,Missing,Missing,Missing,Missing,Missing,Missing,Missing,Partial,Missing,Missing,Missing,0,history:ancient-india,4,True,AI-GENERATED (needs human review),"{""Notes"": [], ""Summary"": [], ""Key points"": [], ""Flip cards"": []}",,"HI/PA Partial is parent draft presence only; this concept translation has not been validated. Notes/MCQ anchors are candidate evidence, not substantive completion."
I7-1,Medieval India,"New kingdoms, AD 700–1200",Early medieval sources,Missing,Missing,Missing,Missing,Missing,Missing,Missing,Partial,Missing,Missing,Missing,0,history:medieval-india,4,True,AI-GENERATED (needs human review),"{""Notes"": [], ""Summary"": [], ""Key points"": [], ""Flip cards"": []}",,"HI/PA Partial is parent draft presence only; this concept translation has not been validated. Notes/MCQ anchors are candidate evidence, not substantive completion."
I7-2,Medieval India,"New kingdoms, AD 700–1200",Tripartite struggle,Missing,Missing,Missing,Missing,Missing,Missing,Missing,Partial,Missing,Missing,Missing,0,history:medieval-india,4,True,AI-GENERATED (needs human review),"{""Notes"": [], ""Summary"": [], ""Key points"": [], ""Flip cards"": []}",,"HI/PA Partial is parent draft presence only; this concept translation has not been validated. Notes/MCQ anchors are candidate evidence, not substantive completion."
I7-3,Medieval India,"New kingdoms, AD 700–1200",Gurjara-Pratiharas,Missing,Missing,Missing,Missing,Missing,Missing,Missing,Partial,Missing,Missing,Missing,0,history:medieval-india,4,True,AI-GENERATED (needs human review),"{""Notes"": [], ""Summary"": [], ""Key points"": [], ""Flip cards"": []}",,"HI/PA Partial is parent draft presence only; this concept translation has not been validated. Notes/MCQ anchors are candidate evidence, not substantive completion."
I7-4,Medieval India,"New kingdoms, AD 700–1200",Palas,Missing,Missing,Missing,Missing,Missing,Missing,Missing,Partial,Missing,Missing,Missing,0,history:medieval-india,4,True,AI-GENERATED (needs human review),"{""Notes"": [], ""Summary"": [], ""Key points"": [], ""Flip cards"": []}",,"HI/PA Partial is parent draft presence only; this concept translation has not been validated. Notes/MCQ anchors are candidate evidence, not substantive completion."
I7-5,Medieval India,"New kingdoms, AD 700–1200",Rashtrakutas,Missing,Missing,Missing,Missing,Missing,Missing,Missing,Partial,Missing,Missing,Missing,0,history:medieval-india,4,True,AI-GENERATED (needs human review),"{""Notes"": [], ""Summary"": [], ""Key points"": [], ""Flip cards"": []}",,"HI/PA Partial is parent draft presence only; this concept translation has not been validated. Notes/MCQ anchors are candidate evidence, not substantive completion."
I7-6,Medieval India,"New kingdoms, AD 700–1200",Chola state,Missing,Missing,Missing,Missing,Missing,Missing,Missing,Partial,Missing,Missing,Missing,0,history:medieval-india,4,True,AI-GENERATED (needs human review),"{""Notes"": [], ""Summary"": [], ""Key points"": [], ""Flip cards"": []}",,"HI/PA Partial is parent draft presence only; this concept translation has not been validated. Notes/MCQ anchors are candidate evidence, not substantive completion."
I7-7,Medieval India,"New kingdoms, AD 700–1200",Local administration,Partial,Partial,Partial,Partial,Partial,Partial,Missing,Partial,Partial,Partial,Partial,9,history:medieval-india,4,True,AI-GENERATED (needs human review),"{""Notes"": [""medieval-india""], ""Summary"": [""medieval-india""], ""Key points"": [""medieval-india""], ""Flip cards"": [""medieval-india""]}",q-med-1;q-med-3;q-med-4;q-med-5;gen-medieval-india-fc-5;gen-medieval-india-fc-9;gen-medieval-india-fc-10;gen-medieval-india-fc-11;gen-medieval-india-fc-18,"HI/PA Partial is parent draft presence only; this concept translation has not been validated. Notes/MCQ anchors are candidate evidence, not substantive completion."
I7-8,Medieval India,"New kingdoms, AD 700–1200",Land grants,Partial,Missing,Partial,Partial,Missing,Missing,Missing,Partial,Partial,Partial,Partial,0,history:medieval-india,4,True,AI-GENERATED (needs human review),"{""Notes"": [""medieval-india""], ""Summary"": [], ""Key points"": [""medieval-india""], ""Flip cards"": [""medieval-india""]}",,"HI/PA Partial is parent draft presence only; this concept translation has not been validated. Notes/MCQ anchors are candidate evidence, not substantive completion."
I7-9,Medieval India,"New kingdoms, AD 700–1200",Temples and economy,Partial,Missing,Missing,Missing,Missing,Missing,Missing,Partial,Partial,Partial,Partial,0,history:medieval-india,4,True,AI-GENERATED (needs human review),"{""Notes"": [""medieval-india""], ""Summary"": [], ""Key points"": [], ""Flip cards"": []}",,"HI/PA Partial is parent draft presence only; this concept translation has not been validated. Notes/MCQ anchors are candidate evidence, not substantive completion."
I7-10,Medieval India,"New kingdoms, AD 700–1200",Agrarian expansion,Missing,Missing,Missing,Missing,Missing,Missing,Missing,Partial,Missing,Missing,Missing,0,history:medieval-india,4,True,AI-GENERATED (needs human review),"{""Notes"": [], ""Summary"": [], ""Key points"": [], ""Flip cards"": []}",,"HI/PA Partial is parent draft presence only; this concept translation has not been validated. Notes/MCQ anchors are candidate evidence, not substantive completion."
I8-1,Medieval India,Delhi Sultanate dynasties,Mamluk foundation,Partial,Missing,Partial,Partial,Missing,Missing,Missing,Partial,Partial,Partial,Partial,0,history:medieval-india,4,True,AI-GENERATED (needs human review),"{""Notes"": [""medieval-india""], ""Summary"": [], ""Key points"": [""medieval-india""], ""Flip cards"": [""medieval-india""]}",,"HI/PA Partial is parent draft presence only; this concept translation has not been validated. Notes/MCQ anchors are candidate evidence, not substantive completion."
I8-2,Medieval India,Delhi Sultanate dynasties,Iltutmish consolidation,Partial,Missing,Partial,Missing,Missing,Missing,Missing,Partial,Partial,Partial,Partial,0,history:medieval-india,4,True,AI-GENERATED (needs human review),"{""Notes"": [""medieval-india""], ""Summary"": [], ""Key points"": [""medieval-india""], ""Flip cards"": []}",,"HI/PA Partial is parent draft presence only; this concept translation has not been validated. Notes/MCQ anchors are candidate evidence, not substantive completion."
I8-3,Medieval India,Delhi Sultanate dynasties,Razia and succession,Partial,Missing,Partial,Partial,Missing,Missing,Missing,Partial,Partial,Partial,Partial,0,history:medieval-india,4,True,AI-GENERATED (needs human review),"{""Notes"": [""medieval-india""], ""Summary"": [], ""Key points"": [""medieval-india""], ""Flip cards"": [""medieval-india""]}",,"HI/PA Partial is parent draft presence only; this concept translation has not been validated. Notes/MCQ anchors are candidate evidence, not substantive completion."
I8-4,Medieval India,Delhi Sultanate dynasties,Balban kingship,Partial,Missing,Missing,Missing,Missing,Missing,Missing,Partial,Partial,Partial,Partial,0,history:medieval-india,4,True,AI-GENERATED (needs human review),"{""Notes"": [""medieval-india""], ""Summary"": [], ""Key points"": [], ""Flip cards"": []}",,"HI/PA Partial is parent draft presence only; this concept translation has not been validated. Notes/MCQ anchors are candidate evidence, not substantive completion."
I8-5,Medieval India,Delhi Sultanate dynasties,Khalji expansion,Partial,Missing,Partial,Partial,Partial,Partial,Missing,Partial,Partial,Partial,Partial,1,history:medieval-india,4,True,AI-GENERATED (needs human review),"{""Notes"": [""medieval-india""], ""Summary"": [], ""Key points"": [""medieval-india""], ""Flip cards"": [""medieval-india""]}",gen-medieval-india-fc-3,"HI/PA Partial is parent draft presence only; this concept translation has not been validated. Notes/MCQ anchors are candidate evidence, not substantive completion."
I8-6,Medieval India,Delhi Sultanate dynasties,Alauddin market policies,Partial,Missing,Partial,Partial,Partial,Partial,Missing,Partial,Partial,Partial,Partial,2,history:medieval-india,4,True,AI-GENERATED (needs human review),"{""Notes"": [""medieval-india""], ""Summary"": [], ""Key points"": [""medieval-india""], ""Flip cards"": [""medieval-india""]}",q-med-1;gen-medieval-india-fc-3,"HI/PA Partial is parent draft presence only; this concept translation has not been validated. Notes/MCQ anchors are candidate evidence, not substantive completion."
I8-7,Medieval India,Delhi Sultanate dynasties,Muhammad Tughlaq experiments,Partial,Missing,Partial,Missing,Missing,Missing,Missing,Partial,Partial,Partial,Partial,0,history:medieval-india,4,True,AI-GENERATED (needs human review),"{""Notes"": [""medieval-india""], ""Summary"": [], ""Key points"": [""medieval-india""], ""Flip cards"": []}",,"HI/PA Partial is parent draft presence only; this concept translation has not been validated. Notes/MCQ anchors are candidate evidence, not substantive completion."
I8-8,Medieval India,Delhi Sultanate dynasties,Firoz Tughlaq administration,Partial,Missing,Missing,Missing,Missing,Missing,Missing,Partial,Partial,Partial,Partial,0,history:medieval-india,4,True,AI-GENERATED (needs human review),"{""Notes"": [""medieval-india""], ""Summary"": [], ""Key points"": [], ""Flip cards"": []}",,"HI/PA Partial is parent draft presence only; this concept translation has not been validated. Notes/MCQ anchors are candidate evidence, not substantive completion."
I8-9,Medieval India,Delhi Sultanate dynasties,Sayyid dynasty,Missing,Missing,Missing,Missing,Missing,Missing,Missing,Partial,Missing,Missing,Missing,0,history:medieval-india,4,True,AI-GENERATED (needs human review),"{""Notes"": [], ""Summary"": [], ""Key points"": [], ""Flip cards"": []}",,"HI/PA Partial is parent draft presence only; this concept translation has not been validated. Notes/MCQ anchors are candidate evidence, not substantive completion."
I8-10,Medieval India,Delhi Sultanate dynasties,Lodi dynasty,Partial,Missing,Missing,Missing,Missing,Missing,Missing,Partial,Partial,Partial,Partial,0,history:medieval-india,4,True,AI-GENERATED (needs human review),"{""Notes"": [""medieval-india""], ""Summary"": [], ""Key points"": [], ""Flip cards"": []}",,"HI/PA Partial is parent draft presence only; this concept translation has not been validated. Notes/MCQ anchors are candidate evidence, not substantive completion."
I8-11,Medieval India,Delhi Sultanate dynasties,Iqta system,Partial,Missing,Missing,Missing,Missing,Missing,Missing,Partial,Partial,Partial,Partial,0,history:medieval-india,4,True,AI-GENERATED (needs human review),"{""Notes"": [""medieval-india""], ""Summary"": [], ""Key points"": [], ""Flip cards"": []}",,"HI/PA Partial is parent draft presence only; this concept translation has not been validated. Notes/MCQ anchors are candidate evidence, not substantive completion."
I8-12,Medieval India,Delhi Sultanate dynasties,Sources and architecture,Missing,Missing,Missing,Missing,Missing,Missing,Missing,Partial,Missing,Missing,Missing,0,history:medieval-india,4,True,AI-GENERATED (needs human review),"{""Notes"": [], ""Summary"": [], ""Key points"": [], ""Flip cards"": []}",,"HI/PA Partial is parent draft presence only; this concept translation has not been validated. Notes/MCQ anchors are candidate evidence, not substantive completion."
I9-1,Medieval India,Formation of the Mughal Empire,Babur and first Panipat,Partial,Partial,Missing,Missing,Missing,Missing,Missing,Partial,Partial,Partial,Partial,0,history:medieval-india,4,True,AI-GENERATED (needs human review),"{""Notes"": [""medieval-india""], ""Summary"": [""medieval-india""], ""Key points"": [], ""Flip cards"": []}",,"HI/PA Partial is parent draft presence only; this concept translation has not been validated. Notes/MCQ anchors are candidate evidence, not substantive completion."
I9-2,Medieval India,Formation of the Mughal Empire,Humayun and restoration,Partial,Missing,Missing,Missing,Missing,Missing,Missing,Partial,Partial,Partial,Partial,0,history:medieval-india,4,True,AI-GENERATED (needs human review),"{""Notes"": [""medieval-india""], ""Summary"": [], ""Key points"": [], ""Flip cards"": []}",,"HI/PA Partial is parent draft presence only; this concept translation has not been validated. Notes/MCQ anchors are candidate evidence, not substantive completion."
I9-3,Medieval India,Formation of the Mughal Empire,Sher Shah and Sur interlude,Partial,Partial,Partial,Partial,Partial,Partial,Missing,Partial,Partial,Partial,Partial,1,history:medieval-india,4,True,AI-GENERATED (needs human review),"{""Notes"": [""medieval-india""], ""Summary"": [""medieval-india""], ""Key points"": [""medieval-india""], ""Flip cards"": [""medieval-india""]}",gen-medieval-india-fc-5,"HI/PA Partial is parent draft presence only; this concept translation has not been validated. Notes/MCQ anchors are candidate evidence, not substantive completion."
I9-4,Medieval India,Formation of the Mughal Empire,Akbar expansion,Partial,Partial,Partial,Partial,Partial,Partial,Missing,Partial,Partial,Partial,Partial,2,history:medieval-india,4,True,AI-GENERATED (needs human review),"{""Notes"": [""medieval-india""], ""Summary"": [""medieval-india""], ""Key points"": [""medieval-india""], ""Flip cards"": [""medieval-india""]}",q-med-3;gen-medieval-india-fc-19,"HI/PA Partial is parent draft presence only; this concept translation has not been validated. Notes/MCQ anchors are candidate evidence, not substantive completion."
I9-5,Medieval India,Formation of the Mughal Empire,Mansabdari,Partial,Partial,Missing,Partial,Partial,Partial,Missing,Partial,Partial,Partial,Partial,1,history:medieval-india,4,True,AI-GENERATED (needs human review),"{""Notes"": [""medieval-india""], ""Summary"": [""medieval-india""], ""Key points"": [], ""Flip cards"": [""medieval-india""]}",gen-medieval-india-fc-13,"HI/PA Partial is parent draft presence only; this concept translation has not been validated. Notes/MCQ anchors are candidate evidence, not substantive completion."
I9-6,Medieval India,Formation of the Mughal Empire,Revenue administration,Partial,Missing,Missing,Missing,Missing,Missing,Missing,Partial,Partial,Partial,Partial,0,history:medieval-india,4,True,AI-GENERATED (needs human review),"{""Notes"": [""medieval-india""], ""Summary"": [], ""Key points"": [], ""Flip cards"": []}",,"HI/PA Partial is parent draft presence only; this concept translation has not been validated. Notes/MCQ anchors are candidate evidence, not substantive completion."
I9-7,Medieval India,Formation of the Mughal Empire,Religious policy,Partial,Missing,Missing,Missing,Missing,Missing,Missing,Partial,Partial,Partial,Partial,0,history:medieval-india,4,True,AI-GENERATED (needs human review),"{""Notes"": [""medieval-india""], ""Summary"": [], ""Key points"": [], ""Flip cards"": []}",,"HI/PA Partial is parent draft presence only; this concept translation has not been validated. Notes/MCQ anchors are candidate evidence, not substantive completion."
I9-8,Medieval India,Formation of the Mughal Empire,Jahangir,Missing,Missing,Missing,Missing,Missing,Missing,Missing,Partial,Missing,Missing,Missing,0,history:medieval-india,4,True,AI-GENERATED (needs human review),"{""Notes"": [], ""Summary"": [], ""Key points"": [], ""Flip cards"": []}",,"HI/PA Partial is parent draft presence only; this concept translation has not been validated. Notes/MCQ anchors are candidate evidence, not substantive completion."
I9-9,Medieval India,Formation of the Mughal Empire,Shah Jahan,Partial,Partial,Missing,Partial,Missing,Missing,Missing,Partial,Partial,Partial,Partial,0,history:medieval-india,4,True,AI-GENERATED (needs human review),"{""Notes"": [""medieval-india""], ""Summary"": [""medieval-india""], ""Key points"": [], ""Flip cards"": [""medieval-india""]}",,"HI/PA Partial is parent draft presence only; this concept translation has not been validated. Notes/MCQ anchors are candidate evidence, not substantive completion."
I9-10,Medieval India,Formation of the Mughal Empire,Aurangzeb,Partial,Partial,Partial,Partial,Partial,Partial,Missing,Partial,Partial,Partial,Partial,2,history:medieval-india,4,True,AI-GENERATED (needs human review),"{""Notes"": [""medieval-india""], ""Summary"": [""medieval-india""], ""Key points"": [""medieval-india""], ""Flip cards"": [""medieval-india""]}",q-med-4;gen-medieval-india-fc-9,"HI/PA Partial is parent draft presence only; this concept translation has not been validated. Notes/MCQ anchors are candidate evidence, not substantive completion."
I9-11,Medieval India,Formation of the Mughal Empire,Regional relations,Partial,Missing,Missing,Partial,Missing,Missing,Missing,Partial,Partial,Partial,Partial,0,history:medieval-india,4,True,AI-GENERATED (needs human review),"{""Notes"": [""medieval-india""], ""Summary"": [], ""Key points"": [], ""Flip cards"": [""medieval-india""]}",,"HI/PA Partial is parent draft presence only; this concept translation has not been validated. Notes/MCQ anchors are candidate evidence, not substantive completion."
I9-12,Medieval India,Formation of the Mughal Empire,Art and architecture,Missing,Missing,Missing,Missing,Missing,Missing,Missing,Partial,Missing,Missing,Missing,0,history:medieval-india,4,True,AI-GENERATED (needs human review),"{""Notes"": [], ""Summary"": [], ""Key points"": [], ""Flip cards"": []}",,"HI/PA Partial is parent draft presence only; this concept translation has not been validated. Notes/MCQ anchors are candidate evidence, not substantive completion."
I9-13,Medieval India,Formation of the Mughal Empire,Imperial decline,Missing,Missing,Missing,Missing,Missing,Missing,Missing,Partial,Missing,Missing,Missing,0,history:medieval-india,4,True,AI-GENERATED (needs human review),"{""Notes"": [], ""Summary"": [], ""Key points"": [], ""Flip cards"": []}",,"HI/PA Partial is parent draft presence only; this concept translation has not been validated. Notes/MCQ anchors are candidate evidence, not substantive completion."
I10-1,Modern India,Company power: Plassey and Buxar,Bengal political context,Partial,Missing,Missing,Missing,Missing,Missing,Missing,Partial,Partial,Partial,Partial,0,history:modern-india,4,True,AI-GENERATED (needs human review),"{""Notes"": [""modern-india""], ""Summary"": [], ""Key points"": [], ""Flip cards"": []}",,"HI/PA Partial is parent draft presence only; this concept translation has not been validated. Notes/MCQ anchors are candidate evidence, not substantive completion."
I10-2,Modern India,Company power: Plassey and Buxar,Plassey causes,Partial,Partial,Partial,Partial,Partial,Partial,Missing,Partial,Partial,Partial,Partial,2,history:modern-india,4,True,AI-GENERATED (needs human review),"{""Notes"": [""modern-india""], ""Summary"": [""modern-india""], ""Key points"": [""modern-india""], ""Flip cards"": [""modern-india""]}",q-mod-1;gen-modern-india-fc-1,"HI/PA Partial is parent draft presence only; this concept translation has not been validated. Notes/MCQ anchors are candidate evidence, not substantive completion."
I10-3,Modern India,Company power: Plassey and Buxar,Plassey participants,Partial,Missing,Missing,Missing,Missing,Missing,Missing,Partial,Partial,Partial,Partial,0,history:modern-india,4,True,AI-GENERATED (needs human review),"{""Notes"": [""modern-india""], ""Summary"": [], ""Key points"": [], ""Flip cards"": []}",,"HI/PA Partial is parent draft presence only; this concept translation has not been validated. Notes/MCQ anchors are candidate evidence, not substantive completion."
I10-4,Modern India,Company power: Plassey and Buxar,Plassey consequences,Partial,Partial,Partial,Partial,Partial,Partial,Missing,Partial,Partial,Partial,Partial,2,history:modern-india,4,True,AI-GENERATED (needs human review),"{""Notes"": [""modern-india""], ""Summary"": [""modern-india""], ""Key points"": [""modern-india""], ""Flip cards"": [""modern-india""]}",q-mod-1;gen-modern-india-fc-1,"HI/PA Partial is parent draft presence only; this concept translation has not been validated. Notes/MCQ anchors are candidate evidence, not substantive completion."
I10-5,Modern India,Company power: Plassey and Buxar,Buxar causes,Partial,Partial,Partial,Missing,Missing,Missing,Missing,Partial,Partial,Partial,Partial,0,history:modern-india,4,True,AI-GENERATED (needs human review),"{""Notes"": [""modern-india""], ""Summary"": [""modern-india""], ""Key points"": [""modern-india""], ""Flip cards"": []}",,"HI/PA Partial is parent draft presence only; this concept translation has not been validated. Notes/MCQ anchors are candidate evidence, not substantive completion."
I10-6,Modern India,Company power: Plassey and Buxar,Buxar alliance,Partial,Missing,Missing,Missing,Missing,Missing,Missing,Partial,Partial,Partial,Partial,0,history:modern-india,4,True,AI-GENERATED (needs human review),"{""Notes"": [""modern-india""], ""Summary"": [], ""Key points"": [], ""Flip cards"": []}",,"HI/PA Partial is parent draft presence only; this concept translation has not been validated. Notes/MCQ anchors are candidate evidence, not substantive completion."
I10-7,Modern India,Company power: Plassey and Buxar,Treaty of Allahabad,Partial,Missing,Partial,Missing,Missing,Missing,Missing,Partial,Partial,Partial,Partial,0,history:modern-india,4,True,AI-GENERATED (needs human review),"{""Notes"": [""modern-india""], ""Summary"": [], ""Key points"": [""modern-india""], ""Flip cards"": []}",,"HI/PA Partial is parent draft presence only; this concept translation has not been validated. Notes/MCQ anchors are candidate evidence, not substantive completion."
I10-8,Modern India,Company power: Plassey and Buxar,Diwani and dual government,Partial,Missing,Partial,Missing,Missing,Missing,Missing,Partial,Partial,Partial,Partial,0,history:modern-india,4,True,AI-GENERATED (needs human review),"{""Notes"": [""modern-india""], ""Summary"": [], ""Key points"": [""modern-india""], ""Flip cards"": []}",,"HI/PA Partial is parent draft presence only; this concept translation has not been validated. Notes/MCQ anchors are candidate evidence, not substantive completion."
I11-1,Modern India,"1857 revolt: causes, events, consequences and failure",Political causes,Partial,Missing,Missing,Missing,Missing,Missing,Missing,Partial,Partial,Partial,Partial,0,history:modern-india,4,True,AI-GENERATED (needs human review),"{""Notes"": [""modern-india""], ""Summary"": [], ""Key points"": [], ""Flip cards"": []}",,"HI/PA Partial is parent draft presence only; this concept translation has not been validated. Notes/MCQ anchors are candidate evidence, not substantive completion."
I11-2,Modern India,"1857 revolt: causes, events, consequences and failure",Economic causes,Missing,Missing,Missing,Missing,Missing,Missing,Missing,Partial,Missing,Missing,Missing,0,history:modern-india,4,True,AI-GENERATED (needs human review),"{""Notes"": [], ""Summary"": [], ""Key points"": [], ""Flip cards"": []}",,"HI/PA Partial is parent draft presence only; this concept translation has not been validated. Notes/MCQ anchors are candidate evidence, not substantive completion."
I11-3,Modern India,"1857 revolt: causes, events, consequences and failure",Military causes,Missing,Missing,Missing,Missing,Missing,Missing,Missing,Partial,Missing,Missing,Missing,0,history:modern-india,4,True,AI-GENERATED (needs human review),"{""Notes"": [], ""Summary"": [], ""Key points"": [], ""Flip cards"": []}",,"HI/PA Partial is parent draft presence only; this concept translation has not been validated. Notes/MCQ anchors are candidate evidence, not substantive completion."
I11-4,Modern India,"1857 revolt: causes, events, consequences and failure",Cartridge controversy,Partial,Missing,Missing,Partial,Missing,Missing,Missing,Partial,Partial,Partial,Partial,0,history:modern-india,4,True,AI-GENERATED (needs human review),"{""Notes"": [""modern-india""], ""Summary"": [], ""Key points"": [], ""Flip cards"": [""modern-india""]}",,"HI/PA Partial is parent draft presence only; this concept translation has not been validated. Notes/MCQ anchors are candidate evidence, not substantive completion."
I11-5,Modern India,"1857 revolt: causes, events, consequences and failure",Meerut outbreak,Partial,Missing,Partial,Missing,Missing,Missing,Missing,Partial,Partial,Partial,Partial,0,history:modern-india,4,True,AI-GENERATED (needs human review),"{""Notes"": [""modern-india""], ""Summary"": [], ""Key points"": [""modern-india""], ""Flip cards"": []}",,"HI/PA Partial is parent draft presence only; this concept translation has not been validated. Notes/MCQ anchors are candidate evidence, not substantive completion."
I11-6,Modern India,"1857 revolt: causes, events, consequences and failure",Delhi leadership,Partial,Missing,Missing,Missing,Missing,Missing,Missing,Partial,Partial,Partial,Partial,0,history:modern-india,4,True,AI-GENERATED (needs human review),"{""Notes"": [""modern-india""], ""Summary"": [], ""Key points"": [], ""Flip cards"": []}",,"HI/PA Partial is parent draft presence only; this concept translation has not been validated. Notes/MCQ anchors are candidate evidence, not substantive completion."
I11-7,Modern India,"1857 revolt: causes, events, consequences and failure",Regional centres,Partial,Missing,Missing,Missing,Missing,Missing,Missing,Partial,Partial,Partial,Partial,0,history:modern-india,4,True,AI-GENERATED (needs human review),"{""Notes"": [""modern-india""], ""Summary"": [], ""Key points"": [], ""Flip cards"": []}",,"HI/PA Partial is parent draft presence only; this concept translation has not been validated. Notes/MCQ anchors are candidate evidence, not substantive completion."
I11-8,Modern India,"1857 revolt: causes, events, consequences and failure",Reasons for failure,Missing,Missing,Missing,Missing,Missing,Missing,Missing,Partial,Missing,Missing,Missing,0,history:modern-india,4,True,AI-GENERATED (needs human review),"{""Notes"": [], ""Summary"": [], ""Key points"": [], ""Flip cards"": []}",,"HI/PA Partial is parent draft presence only; this concept translation has not been validated. Notes/MCQ anchors are candidate evidence, not substantive completion."
I11-9,Modern India,"1857 revolt: causes, events, consequences and failure",Crown transfer,Partial,Missing,Missing,Missing,Missing,Missing,Missing,Partial,Partial,Partial,Partial,0,history:modern-india,4,True,AI-GENERATED (needs human review),"{""Notes"": [""modern-india""], ""Summary"": [], ""Key points"": [], ""Flip cards"": []}",,"HI/PA Partial is parent draft presence only; this concept translation has not been validated. Notes/MCQ anchors are candidate evidence, not substantive completion."
I11-10,Modern India,"1857 revolt: causes, events, consequences and failure",Queen proclamation,Missing,Missing,Missing,Missing,Missing,Missing,Missing,Partial,Missing,Missing,Missing,0,history:modern-india,4,True,AI-GENERATED (needs human review),"{""Notes"": [], ""Summary"": [], ""Key points"": [], ""Flip cards"": []}",,"HI/PA Partial is parent draft presence only; this concept translation has not been validated. Notes/MCQ anchors are candidate evidence, not substantive completion."
I12-1,Modern India,Education during British rule,Orientalist-Anglicist debate,Missing,Missing,Missing,Missing,Missing,Missing,Missing,Partial,Missing,Missing,Missing,0,history:modern-india,4,True,AI-GENERATED (needs human review),"{""Notes"": [], ""Summary"": [], ""Key points"": [], ""Flip cards"": []}",,"HI/PA Partial is parent draft presence only; this concept translation has not been validated. Notes/MCQ anchors are candidate evidence, not substantive completion."
I12-2,Modern India,Education during British rule,Charter Act and education,Missing,Missing,Missing,Missing,Missing,Missing,Missing,Partial,Missing,Missing,Missing,0,history:modern-india,4,True,AI-GENERATED (needs human review),"{""Notes"": [], ""Summary"": [], ""Key points"": [], ""Flip cards"": []}",,"HI/PA Partial is parent draft presence only; this concept translation has not been validated. Notes/MCQ anchors are candidate evidence, not substantive completion."
I12-3,Modern India,Education during British rule,Macaulay minute,Missing,Missing,Missing,Missing,Missing,Missing,Missing,Partial,Missing,Missing,Missing,0,history:modern-india,4,True,AI-GENERATED (needs human review),"{""Notes"": [], ""Summary"": [], ""Key points"": [], ""Flip cards"": []}",,"HI/PA Partial is parent draft presence only; this concept translation has not been validated. Notes/MCQ anchors are candidate evidence, not substantive completion."
I12-4,Modern India,Education during British rule,Wood dispatch,Missing,Missing,Missing,Missing,Missing,Missing,Missing,Partial,Missing,Missing,Missing,0,history:modern-india,4,True,AI-GENERATED (needs human review),"{""Notes"": [], ""Summary"": [], ""Key points"": [], ""Flip cards"": []}",,"HI/PA Partial is parent draft presence only; this concept translation has not been validated. Notes/MCQ anchors are candidate evidence, not substantive completion."
I12-5,Modern India,Education during British rule,Universities and 1857,Missing,Missing,Missing,Missing,Missing,Missing,Missing,Partial,Missing,Missing,Missing,0,history:modern-india,4,True,AI-GENERATED (needs human review),"{""Notes"": [], ""Summary"": [], ""Key points"": [], ""Flip cards"": []}",,"HI/PA Partial is parent draft presence only; this concept translation has not been validated. Notes/MCQ anchors are candidate evidence, not substantive completion."
I12-6,Modern India,Education during British rule,Hunter education commission,Missing,Missing,Missing,Missing,Missing,Missing,Missing,Partial,Missing,Missing,Missing,0,history:modern-india,4,True,AI-GENERATED (needs human review),"{""Notes"": [], ""Summary"": [], ""Key points"": [], ""Flip cards"": []}",,"HI/PA Partial is parent draft presence only; this concept translation has not been validated. Notes/MCQ anchors are candidate evidence, not substantive completion."
I12-7,Modern India,Education during British rule,Curzon university policy,Missing,Missing,Missing,Missing,Missing,Missing,Missing,Partial,Missing,Missing,Missing,0,history:modern-india,4,True,AI-GENERATED (needs human review),"{""Notes"": [], ""Summary"": [], ""Key points"": [], ""Flip cards"": []}",,"HI/PA Partial is parent draft presence only; this concept translation has not been validated. Notes/MCQ anchors are candidate evidence, not substantive completion."
I12-8,Modern India,Education during British rule,National education initiatives,Missing,Missing,Missing,Missing,Missing,Missing,Missing,Partial,Missing,Missing,Missing,0,history:modern-india,4,True,AI-GENERATED (needs human review),"{""Notes"": [], ""Summary"": [], ""Key points"": [], ""Flip cards"": []}",,"HI/PA Partial is parent draft presence only; this concept translation has not been validated. Notes/MCQ anchors are candidate evidence, not substantive completion."
I12-9,Modern India,Education during British rule,Social effects and unequal access,Missing,Missing,Missing,Missing,Missing,Missing,Missing,Partial,Missing,Missing,Missing,0,history:modern-india,4,True,AI-GENERATED (needs human review),"{""Notes"": [], ""Summary"": [], ""Key points"": [], ""Flip cards"": []}",,"HI/PA Partial is parent draft presence only; this concept translation has not been validated. Notes/MCQ anchors are candidate evidence, not substantive completion."
I13-1,Freedom Movement,"Indian national movement, 1885–1947",Congress foundation,Partial,Partial,Partial,Partial,Partial,Partial,Missing,Partial,Partial,Partial,Partial,1,history:freedom-movement,4,True,AI-GENERATED (needs human review),"{""Notes"": [""modern-india""], ""Summary"": [""modern-india""], ""Key points"": [""modern-india""], ""Flip cards"": [""modern-india""]}",q-mod-3,"HI/PA Partial is parent draft presence only; this concept translation has not been validated. Notes/MCQ anchors are candidate evidence, not substantive completion."
I13-2,Freedom Movement,"Indian national movement, 1885–1947",Moderate methods,Missing,Missing,Missing,Missing,Missing,Missing,Missing,Partial,Missing,Missing,Missing,0,history:freedom-movement,4,True,AI-GENERATED (needs human review),"{""Notes"": [], ""Summary"": [], ""Key points"": [], ""Flip cards"": []}",,"HI/PA Partial is parent draft presence only; this concept translation has not been validated. Notes/MCQ anchors are candidate evidence, not substantive completion."
I13-3,Freedom Movement,"Indian national movement, 1885–1947",Extremists and Surat split,Missing,Missing,Missing,Missing,Missing,Missing,Missing,Partial,Missing,Missing,Missing,0,history:freedom-movement,4,True,AI-GENERATED (needs human review),"{""Notes"": [], ""Summary"": [], ""Key points"": [], ""Flip cards"": []}",,"HI/PA Partial is parent draft presence only; this concept translation has not been validated. Notes/MCQ anchors are candidate evidence, not substantive completion."
I13-4,Freedom Movement,"Indian national movement, 1885–1947",Swadeshi movement,Partial,Missing,Missing,Missing,Partial,Partial,Missing,Partial,Partial,Partial,Partial,1,history:freedom-movement,4,True,AI-GENERATED (needs human review),"{""Notes"": [""modern-india"", ""punjab-freedom-movements""], ""Summary"": [], ""Key points"": [], ""Flip cards"": []}",q-pfm-1,"HI/PA Partial is parent draft presence only; this concept translation has not been validated. Notes/MCQ anchors are candidate evidence, not substantive completion."
I13-5,Freedom Movement,"Indian national movement, 1885–1947",Home Rule,Missing,Missing,Missing,Missing,Missing,Missing,Missing,Partial,Missing,Missing,Missing,0,history:freedom-movement,4,True,AI-GENERATED (needs human review),"{""Notes"": [], ""Summary"": [], ""Key points"": [], ""Flip cards"": []}",,"HI/PA Partial is parent draft presence only; this concept translation has not been validated. Notes/MCQ anchors are candidate evidence, not substantive completion."
I13-6,Freedom Movement,"Indian national movement, 1885–1947",Lucknow Pact,Partial,Missing,Missing,Missing,Missing,Missing,Missing,Partial,Partial,Partial,Partial,0,history:freedom-movement,4,True,AI-GENERATED (needs human review),"{""Notes"": [""modern-india""], ""Summary"": [], ""Key points"": [], ""Flip cards"": []}",,"HI/PA Partial is parent draft presence only; this concept translation has not been validated. Notes/MCQ anchors are candidate evidence, not substantive completion."
I13-7,Freedom Movement,"Indian national movement, 1885–1947",Gandhi early satyagrahas,Missing,Missing,Missing,Missing,Missing,Missing,Missing,Partial,Missing,Missing,Missing,0,history:freedom-movement,4,True,AI-GENERATED (needs human review),"{""Notes"": [], ""Summary"": [], ""Key points"": [], ""Flip cards"": []}",,"HI/PA Partial is parent draft presence only; this concept translation has not been validated. Notes/MCQ anchors are candidate evidence, not substantive completion."
I13-8,Freedom Movement,"Indian national movement, 1885–1947",Rowlatt resistance,Partial,Missing,Missing,Missing,Partial,Partial,Missing,Partial,Partial,Partial,Partial,2,history:freedom-movement,4,True,AI-GENERATED (needs human review),"{""Notes"": [""punjab-freedom-movements""], ""Summary"": [], ""Key points"": [], ""Flip cards"": []}",sst-national-movement-q4;q-pfm-6,"HI/PA Partial is parent draft presence only; this concept translation has not been validated. Notes/MCQ anchors are candidate evidence, not substantive completion."
I13-9,Freedom Movement,"Indian national movement, 1885–1947",Jallianwala Bagh,Partial,Partial,Partial,Missing,Partial,Partial,Missing,Partial,Partial,Partial,Partial,3,history:freedom-movement,4,True,AI-GENERATED (needs human review),"{""Notes"": [""modern-india"", ""punjab-freedom-movements""], ""Summary"": [""punjab-freedom-movements""], ""Key points"": [""modern-india"", ""punjab-freedom-movements""], ""Flip cards"": []}",sst-national-movement-q1;sst-national-movement-q2;q-pfm-6,"HI/PA Partial is parent draft presence only; this concept translation has not been validated. Notes/MCQ anchors are candidate evidence, not substantive completion."
I13-10,Freedom Movement,"Indian national movement, 1885–1947",Khilafat and Non-Cooperation,Partial,Missing,Missing,Missing,Partial,Partial,Missing,Partial,Partial,Partial,Partial,4,history:freedom-movement,4,True,AI-GENERATED (needs human review),"{""Notes"": [""modern-india"", ""punjab-freedom-movements""], ""Summary"": [], ""Key points"": [], ""Flip cards"": []}",q-mod-5;sst-national-movement-q5;sst-national-movement-q6;q-pfm-1,"HI/PA Partial is parent draft presence only; this concept translation has not been validated. Notes/MCQ anchors are candidate evidence, not substantive completion."
I13-11,Freedom Movement,"Indian national movement, 1885–1947",Chauri Chaura,Partial,Missing,Missing,Missing,Partial,Partial,Missing,Partial,Partial,Partial,Partial,1,history:freedom-movement,4,True,AI-GENERATED (needs human review),"{""Notes"": [""modern-india""], ""Summary"": [], ""Key points"": [], ""Flip cards"": []}",q-mod-5,"HI/PA Partial is parent draft presence only; this concept translation has not been validated. Notes/MCQ anchors are candidate evidence, not substantive completion."
I13-12,Freedom Movement,"Indian national movement, 1885–1947",Swaraj Party,Missing,Missing,Missing,Missing,Missing,Missing,Missing,Partial,Missing,Missing,Missing,0,history:freedom-movement,4,True,AI-GENERATED (needs human review),"{""Notes"": [], ""Summary"": [], ""Key points"": [], ""Flip cards"": []}",,"HI/PA Partial is parent draft presence only; this concept translation has not been validated. Notes/MCQ anchors are candidate evidence, not substantive completion."
I13-13,Freedom Movement,"Indian national movement, 1885–1947",Simon Commission,Partial,Missing,Missing,Missing,Missing,Missing,Missing,Partial,Partial,Partial,Partial,0,history:freedom-movement,4,True,AI-GENERATED (needs human review),"{""Notes"": [""punjab-freedom-movements""], ""Summary"": [], ""Key points"": [], ""Flip cards"": []}",,"HI/PA Partial is parent draft presence only; this concept translation has not been validated. Notes/MCQ anchors are candidate evidence, not substantive completion."
I13-14,Freedom Movement,"Indian national movement, 1885–1947",Lahore Congress and Purna Swaraj,Missing,Missing,Missing,Missing,Missing,Missing,Missing,Partial,Missing,Missing,Missing,0,history:freedom-movement,4,True,AI-GENERATED (needs human review),"{""Notes"": [], ""Summary"": [], ""Key points"": [], ""Flip cards"": []}",,"HI/PA Partial is parent draft presence only; this concept translation has not been validated. Notes/MCQ anchors are candidate evidence, not substantive completion."
I13-15,Freedom Movement,"Indian national movement, 1885–1947",Civil Disobedience,Partial,Missing,Partial,Partial,Partial,Partial,Missing,Partial,Partial,Partial,Partial,3,history:freedom-movement,4,True,AI-GENERATED (needs human review),"{""Notes"": [""modern-india""], ""Summary"": [], ""Key points"": [""modern-india""], ""Flip cards"": [""modern-india""]}",q-mod-4;sst-national-movement-q7;gen-modern-india-fc-4,"HI/PA Partial is parent draft presence only; this concept translation has not been validated. Notes/MCQ anchors are candidate evidence, not substantive completion."
I13-16,Freedom Movement,"Indian national movement, 1885–1947",Round Table conferences,Missing,Missing,Missing,Missing,Missing,Missing,Missing,Partial,Missing,Missing,Missing,0,history:freedom-movement,4,True,AI-GENERATED (needs human review),"{""Notes"": [], ""Summary"": [], ""Key points"": [], ""Flip cards"": []}",,"HI/PA Partial is parent draft presence only; this concept translation has not been validated. Notes/MCQ anchors are candidate evidence, not substantive completion."
I13-17,Freedom Movement,"Indian national movement, 1885–1947",Poona Pact,Missing,Missing,Missing,Missing,Missing,Missing,Missing,Partial,Missing,Missing,Missing,0,history:freedom-movement,4,True,AI-GENERATED (needs human review),"{""Notes"": [], ""Summary"": [], ""Key points"": [], ""Flip cards"": []}",,"HI/PA Partial is parent draft presence only; this concept translation has not been validated. Notes/MCQ anchors are candidate evidence, not substantive completion."
I13-18,Freedom Movement,"Indian national movement, 1885–1947",Government of India Act 1935,Missing,Missing,Missing,Missing,Missing,Missing,Missing,Partial,Missing,Missing,Missing,0,history:freedom-movement,4,True,AI-GENERATED (needs human review),"{""Notes"": [], ""Summary"": [], ""Key points"": [], ""Flip cards"": []}",,"HI/PA Partial is parent draft presence only; this concept translation has not been validated. Notes/MCQ anchors are candidate evidence, not substantive completion."
I13-19,Freedom Movement,"Indian national movement, 1885–1947",Quit India,Partial,Missing,Partial,Missing,Partial,Partial,Missing,Partial,Partial,Partial,Partial,1,history:freedom-movement,4,True,AI-GENERATED (needs human review),"{""Notes"": [""modern-india""], ""Summary"": [], ""Key points"": [""modern-india""], ""Flip cards"": []}",sst-national-movement-q10,"HI/PA Partial is parent draft presence only; this concept translation has not been validated. Notes/MCQ anchors are candidate evidence, not substantive completion."
I13-20,Freedom Movement,"Indian national movement, 1885–1947",Revolutionaries and HSRA,Partial,Missing,Missing,Missing,Missing,Missing,Missing,Partial,Partial,Partial,Partial,0,history:freedom-movement,4,True,AI-GENERATED (needs human review),"{""Notes"": [""punjab-freedom-movements""], ""Summary"": [], ""Key points"": [], ""Flip cards"": []}",,"HI/PA Partial is parent draft presence only; this concept translation has not been validated. Notes/MCQ anchors are candidate evidence, not substantive completion."
I13-21,Freedom Movement,"Indian national movement, 1885–1947",INA contribution,Partial,Partial,Partial,Missing,Missing,Missing,Missing,Partial,Partial,Partial,Partial,0,history:freedom-movement,4,True,AI-GENERATED (needs human review),"{""Notes"": [""modern-india"", ""punjab-freedom-movements"", ""punjab-partition-suba-modern""], ""Summary"": [""punjab-freedom-movements""], ""Key points"": [""punjab-freedom-movements""], ""Flip cards"": []}",,"HI/PA Partial is parent draft presence only; this concept translation has not been validated. Notes/MCQ anchors are candidate evidence, not substantive completion."
I13-22,Freedom Movement,"Indian national movement, 1885–1947",Cabinet Mission,Missing,Missing,Missing,Missing,Missing,Missing,Missing,Partial,Missing,Missing,Missing,0,history:freedom-movement,4,True,AI-GENERATED (needs human review),"{""Notes"": [], ""Summary"": [], ""Key points"": [], ""Flip cards"": []}",,"HI/PA Partial is parent draft presence only; this concept translation has not been validated. Notes/MCQ anchors are candidate evidence, not substantive completion."
I13-23,Freedom Movement,"Indian national movement, 1885–1947",Mountbatten plan,Missing,Missing,Missing,Missing,Missing,Missing,Missing,Partial,Missing,Missing,Missing,0,history:freedom-movement,4,True,AI-GENERATED (needs human review),"{""Notes"": [], ""Summary"": [], ""Key points"": [], ""Flip cards"": []}",,"HI/PA Partial is parent draft presence only; this concept translation has not been validated. Notes/MCQ anchors are candidate evidence, not substantive completion."
I13-24,Freedom Movement,"Indian national movement, 1885–1947",Independence and Partition,Partial,Partial,Partial,Missing,Partial,Partial,Missing,Partial,Partial,Partial,Partial,1,history:freedom-movement,4,True,AI-GENERATED (needs human review),"{""Notes"": [""modern-india"", ""punjab-freedom-movements"", ""punjab-partition-suba-modern""], ""Summary"": [""punjab-partition-suba-modern""], ""Key points"": [""punjab-partition-suba-modern""], ""Flip cards"": []}",q-ppsm-1,"HI/PA Partial is parent draft presence only; this concept translation has not been validated. Notes/MCQ anchors are candidate evidence, not substantive completion."
W1-1,World History,Beginning of modern age: Renaissance and Reformation,Renaissance background,Missing,Missing,Missing,Missing,Partial,Partial,Missing,Partial,Missing,Missing,Missing,2,history:world-history,4,True,AI-GENERATED (needs human review),"{""Notes"": [], ""Summary"": [], ""Key points"": [], ""Flip cards"": []}",sst-renaissance-q1;sst-renaissance-q4,"HI/PA Partial is parent draft presence only; this concept translation has not been validated. Notes/MCQ anchors are candidate evidence, not substantive completion."
W1-2,World History,Beginning of modern age: Renaissance and Reformation,Humanism,Missing,Missing,Missing,Missing,Missing,Missing,Missing,Partial,Missing,Missing,Missing,0,history:world-history,4,True,AI-GENERATED (needs human review),"{""Notes"": [], ""Summary"": [], ""Key points"": [], ""Flip cards"": []}",,"HI/PA Partial is parent draft presence only; this concept translation has not been validated. Notes/MCQ anchors are candidate evidence, not substantive completion."
W1-3,World History,Beginning of modern age: Renaissance and Reformation,Italian Renaissance,Missing,Missing,Missing,Missing,Missing,Missing,Missing,Partial,Missing,Missing,Missing,0,history:world-history,4,True,AI-GENERATED (needs human review),"{""Notes"": [], ""Summary"": [], ""Key points"": [], ""Flip cards"": []}",,"HI/PA Partial is parent draft presence only; this concept translation has not been validated. Notes/MCQ anchors are candidate evidence, not substantive completion."
W1-4,World History,Beginning of modern age: Renaissance and Reformation,Printing and knowledge,Missing,Missing,Missing,Missing,Partial,Partial,Missing,Partial,Missing,Missing,Missing,1,history:world-history,4,True,AI-GENERATED (needs human review),"{""Notes"": [], ""Summary"": [], ""Key points"": [], ""Flip cards"": []}",sst-renaissance-q5,"HI/PA Partial is parent draft presence only; this concept translation has not been validated. Notes/MCQ anchors are candidate evidence, not substantive completion."
W1-5,World History,Beginning of modern age: Renaissance and Reformation,Art and scientific inquiry,Missing,Missing,Missing,Missing,Missing,Missing,Missing,Partial,Missing,Missing,Missing,0,history:world-history,4,True,AI-GENERATED (needs human review),"{""Notes"": [], ""Summary"": [], ""Key points"": [], ""Flip cards"": []}",,"HI/PA Partial is parent draft presence only; this concept translation has not been validated. Notes/MCQ anchors are candidate evidence, not substantive completion."
W1-6,World History,Beginning of modern age: Renaissance and Reformation,Reformation background,Missing,Missing,Missing,Missing,Missing,Missing,Missing,Partial,Missing,Missing,Missing,0,history:world-history,4,True,AI-GENERATED (needs human review),"{""Notes"": [], ""Summary"": [], ""Key points"": [], ""Flip cards"": []}",,"HI/PA Partial is parent draft presence only; this concept translation has not been validated. Notes/MCQ anchors are candidate evidence, not substantive completion."
W1-7,World History,Beginning of modern age: Renaissance and Reformation,Luther and indulgences,Missing,Missing,Missing,Missing,Missing,Missing,Missing,Partial,Missing,Missing,Missing,0,history:world-history,4,True,AI-GENERATED (needs human review),"{""Notes"": [], ""Summary"": [], ""Key points"": [], ""Flip cards"": []}",,"HI/PA Partial is parent draft presence only; this concept translation has not been validated. Notes/MCQ anchors are candidate evidence, not substantive completion."
W1-8,World History,Beginning of modern age: Renaissance and Reformation,Protestant traditions,Missing,Missing,Missing,Missing,Missing,Missing,Missing,Partial,Missing,Missing,Missing,0,history:world-history,4,True,AI-GENERATED (needs human review),"{""Notes"": [], ""Summary"": [], ""Key points"": [], ""Flip cards"": []}",,"HI/PA Partial is parent draft presence only; this concept translation has not been validated. Notes/MCQ anchors are candidate evidence, not substantive completion."
W1-9,World History,Beginning of modern age: Renaissance and Reformation,Counter-Reformation,Missing,Missing,Missing,Missing,Partial,Partial,Missing,Partial,Missing,Missing,Missing,1,history:world-history,4,True,AI-GENERATED (needs human review),"{""Notes"": [], ""Summary"": [], ""Key points"": [], ""Flip cards"": []}",pmc-pyq-wh-08,"HI/PA Partial is parent draft presence only; this concept translation has not been validated. Notes/MCQ anchors are candidate evidence, not substantive completion."
W1-10,World History,Beginning of modern age: Renaissance and Reformation,Political and social consequences,Missing,Missing,Missing,Missing,Missing,Missing,Missing,Partial,Missing,Missing,Missing,0,history:world-history,4,True,AI-GENERATED (needs human review),"{""Notes"": [], ""Summary"": [], ""Key points"": [], ""Flip cards"": []}",,"HI/PA Partial is parent draft presence only; this concept translation has not been validated. Notes/MCQ anchors are candidate evidence, not substantive completion."
W2-1,World History,First and Second World Wars,WWI long-term causes,Partial,Missing,Missing,Missing,Partial,Partial,Missing,Partial,Partial,Partial,Partial,1,history:world-history,4,True,AI-GENERATED (needs human review),"{""Notes"": [""world-history""], ""Summary"": [], ""Key points"": [], ""Flip cards"": []}",pmc-pyq-wh-08,"HI/PA Partial is parent draft presence only; this concept translation has not been validated. Notes/MCQ anchors are candidate evidence, not substantive completion."
W2-2,World History,First and Second World Wars,WWI immediate trigger,Missing,Missing,Missing,Missing,Missing,Missing,Missing,Partial,Missing,Missing,Missing,0,history:world-history,4,True,AI-GENERATED (needs human review),"{""Notes"": [], ""Summary"": [], ""Key points"": [], ""Flip cards"": []}",,"HI/PA Partial is parent draft presence only; this concept translation has not been validated. Notes/MCQ anchors are candidate evidence, not substantive completion."
W2-3,World History,First and Second World Wars,WWI fronts and alliances,Partial,Missing,Missing,Missing,Partial,Partial,Missing,Partial,Partial,Partial,Partial,4,history:world-history,4,True,AI-GENERATED (needs human review),"{""Notes"": [""world-history""], ""Summary"": [], ""Key points"": [], ""Flip cards"": []}",sst-world-wars-q1;sst-world-wars-q3;sst-world-wars-q4;sst-world-wars-q5,"HI/PA Partial is parent draft presence only; this concept translation has not been validated. Notes/MCQ anchors are candidate evidence, not substantive completion."
W2-4,World History,First and Second World Wars,Russian withdrawal,Partial,Missing,Missing,Missing,Missing,Missing,Missing,Partial,Partial,Partial,Partial,0,history:world-history,4,True,AI-GENERATED (needs human review),"{""Notes"": [""world-history""], ""Summary"": [], ""Key points"": [], ""Flip cards"": []}",,"HI/PA Partial is parent draft presence only; this concept translation has not been validated. Notes/MCQ anchors are candidate evidence, not substantive completion."
W2-5,World History,First and Second World Wars,Versailles settlement,Missing,Missing,Missing,Missing,Missing,Missing,Missing,Partial,Missing,Missing,Missing,0,history:world-history,4,True,AI-GENERATED (needs human review),"{""Notes"": [], ""Summary"": [], ""Key points"": [], ""Flip cards"": []}",,"HI/PA Partial is parent draft presence only; this concept translation has not been validated. Notes/MCQ anchors are candidate evidence, not substantive completion."
W2-6,World History,First and Second World Wars,League of Nations,Missing,Missing,Missing,Missing,Missing,Missing,Missing,Partial,Missing,Missing,Missing,0,history:world-history,4,True,AI-GENERATED (needs human review),"{""Notes"": [], ""Summary"": [], ""Key points"": [], ""Flip cards"": []}",,"HI/PA Partial is parent draft presence only; this concept translation has not been validated. Notes/MCQ anchors are candidate evidence, not substantive completion."
W2-7,World History,First and Second World Wars,Interwar fascism and Nazism,Missing,Missing,Missing,Missing,Missing,Missing,Missing,Partial,Missing,Missing,Missing,0,history:world-history,4,True,AI-GENERATED (needs human review),"{""Notes"": [], ""Summary"": [], ""Key points"": [], ""Flip cards"": []}",,"HI/PA Partial is parent draft presence only; this concept translation has not been validated. Notes/MCQ anchors are candidate evidence, not substantive completion."
W2-8,World History,First and Second World Wars,WWII origins and invasion of Poland,Missing,Missing,Missing,Missing,Missing,Missing,Missing,Partial,Missing,Missing,Missing,0,history:world-history,4,True,AI-GENERATED (needs human review),"{""Notes"": [], ""Summary"": [], ""Key points"": [], ""Flip cards"": []}",,"HI/PA Partial is parent draft presence only; this concept translation has not been validated. Notes/MCQ anchors are candidate evidence, not substantive completion."
W2-9,World History,First and Second World Wars,WWII major theatres,Missing,Missing,Missing,Missing,Partial,Partial,Missing,Partial,Missing,Missing,Missing,1,history:world-history,4,True,AI-GENERATED (needs human review),"{""Notes"": [], ""Summary"": [], ""Key points"": [], ""Flip cards"": []}",sst-world-wars-q5,"HI/PA Partial is parent draft presence only; this concept translation has not been validated. Notes/MCQ anchors are candidate evidence, not substantive completion."
W2-10,World History,First and Second World Wars,Holocaust,Missing,Missing,Missing,Missing,Missing,Missing,Missing,Partial,Missing,Missing,Missing,0,history:world-history,4,True,AI-GENERATED (needs human review),"{""Notes"": [], ""Summary"": [], ""Key points"": [], ""Flip cards"": []}",,"HI/PA Partial is parent draft presence only; this concept translation has not been validated. Notes/MCQ anchors are candidate evidence, not substantive completion."
W2-11,World History,First and Second World Wars,War termination and atomic bombing,Missing,Missing,Missing,Missing,Missing,Missing,Missing,Partial,Missing,Missing,Missing,0,history:world-history,4,True,AI-GENERATED (needs human review),"{""Notes"": [], ""Summary"": [], ""Key points"": [], ""Flip cards"": []}",,"HI/PA Partial is parent draft presence only; this concept translation has not been validated. Notes/MCQ anchors are candidate evidence, not substantive completion."
W2-12,World History,First and Second World Wars,Postwar consequences,Partial,Partial,Partial,Partial,Partial,Partial,Missing,Partial,Partial,Partial,Partial,4,history:world-history,4,True,AI-GENERATED (needs human review),"{""Notes"": [""world-history""], ""Summary"": [""world-history""], ""Key points"": [""world-history""], ""Flip cards"": [""world-history""]}",q-whm-2;pmc-pyq-wh-05;pmc-pyq-wh-06;gen-world-history-fc-3,"HI/PA Partial is parent draft presence only; this concept translation has not been validated. Notes/MCQ anchors are candidate evidence, not substantive completion."
X1-1,Requested extension,Colonial Punjab after annexation,Board of Administration,Missing,Missing,Missing,Missing,Missing,Missing,Missing,Partial,Missing,Missing,Missing,0,history:requested-extension,3,False,AI-GENERATED (needs human review),"{""Notes"": [], ""Summary"": [], ""Key points"": [], ""Flip cards"": []}",,"HI/PA Partial is parent draft presence only; this concept translation has not been validated. Notes/MCQ anchors are candidate evidence, not substantive completion."
X1-2,Requested extension,Colonial Punjab after annexation,Punjab revenue and canal colonies,Partial,Missing,Missing,Missing,Partial,Partial,Missing,Partial,Partial,Partial,Partial,1,history:requested-extension,3,False,AI-GENERATED (needs human review),"{""Notes"": [""punjab-freedom-movements""], ""Summary"": [], ""Key points"": [], ""Flip cards"": []}",q-pfm-3,"HI/PA Partial is parent draft presence only; this concept translation has not been validated. Notes/MCQ anchors are candidate evidence, not substantive completion."
X1-3,Requested extension,Colonial Punjab after annexation,Punjab land laws and agrarian change,Partial,Missing,Missing,Missing,Partial,Partial,Missing,Partial,Partial,Partial,Partial,1,history:requested-extension,3,False,AI-GENERATED (needs human review),"{""Notes"": [""punjab-freedom-movements""], ""Summary"": [], ""Key points"": [], ""Flip cards"": []}",q-pfm-3,"HI/PA Partial is parent draft presence only; this concept translation has not been validated. Notes/MCQ anchors are candidate evidence, not substantive completion."
X1-4,Requested extension,Colonial Punjab after annexation,1857 in Punjab,Partial,Partial,Partial,Partial,Partial,Partial,Missing,Partial,Partial,Partial,Partial,2,history:requested-extension,3,False,AI-GENERATED (needs human review),"{""Notes"": [""punjab-freedom-movements""], ""Summary"": [""punjab-freedom-movements""], ""Key points"": [""punjab-freedom-movements""], ""Flip cards"": [""punjab-freedom-movements""]}",q-pfm-1;gen-punjab-freedom-movements-fc-1,"HI/PA Partial is parent draft presence only; this concept translation has not been validated. Notes/MCQ anchors are candidate evidence, not substantive completion."
X2-1,Requested extension,Singh Sabha movement,Amritsar Singh Sabha,Partial,Partial,Missing,Missing,Partial,Partial,Missing,Partial,Partial,Partial,Partial,1,history:requested-extension,3,False,AI-GENERATED (needs human review),"{""Notes"": [""punjab-freedom-movements""], ""Summary"": [""punjab-freedom-movements""], ""Key points"": [], ""Flip cards"": []}",q-pfm-2,"HI/PA Partial is parent draft presence only; this concept translation has not been validated. Notes/MCQ anchors are candidate evidence, not substantive completion."
X2-2,Requested extension,Singh Sabha movement,Lahore Singh Sabha,Partial,Partial,Missing,Missing,Partial,Partial,Missing,Partial,Partial,Partial,Partial,1,history:requested-extension,3,False,AI-GENERATED (needs human review),"{""Notes"": [""punjab-freedom-movements""], ""Summary"": [""punjab-freedom-movements""], ""Key points"": [], ""Flip cards"": []}",q-pfm-2,"HI/PA Partial is parent draft presence only; this concept translation has not been validated. Notes/MCQ anchors are candidate evidence, not substantive completion."
X2-3,Requested extension,Singh Sabha movement,Educational institutions,Partial,Missing,Missing,Missing,Missing,Missing,Missing,Partial,Partial,Partial,Partial,0,history:requested-extension,3,False,AI-GENERATED (needs human review),"{""Notes"": [""punjab-freedom-movements""], ""Summary"": [], ""Key points"": [], ""Flip cards"": []}",,"HI/PA Partial is parent draft presence only; this concept translation has not been validated. Notes/MCQ anchors are candidate evidence, not substantive completion."
X2-4,Requested extension,Singh Sabha movement,Chief Khalsa Diwan,Partial,Missing,Missing,Missing,Missing,Missing,Missing,Partial,Partial,Partial,Partial,0,history:requested-extension,3,False,AI-GENERATED (needs human review),"{""Notes"": [""punjab-freedom-movements""], ""Summary"": [], ""Key points"": [], ""Flip cards"": []}",,"HI/PA Partial is parent draft presence only; this concept translation has not been validated. Notes/MCQ anchors are candidate evidence, not substantive completion."
X2-5,Requested extension,Singh Sabha movement,Reform debates and literature,Partial,Missing,Missing,Partial,Partial,Partial,Missing,Partial,Partial,Partial,Partial,1,history:requested-extension,3,False,AI-GENERATED (needs human review),"{""Notes"": [""punjab-freedom-movements""], ""Summary"": [], ""Key points"": [], ""Flip cards"": [""punjab-freedom-movements""]}",gen-punjab-freedom-movements-fc-4,"HI/PA Partial is parent draft presence only; this concept translation has not been validated. Notes/MCQ anchors are candidate evidence, not substantive completion."
X3-1,Requested extension,Akali and Gurdwara reform,SGPC organisation,Partial,Missing,Missing,Missing,Partial,Partial,Missing,Partial,Partial,Partial,Partial,1,history:requested-extension,3,False,AI-GENERATED (needs human review),"{""Notes"": [""punjab-freedom-movements""], ""Summary"": [], ""Key points"": [], ""Flip cards"": []}",q-pfm-7,"HI/PA Partial is parent draft presence only; this concept translation has not been validated. Notes/MCQ anchors are candidate evidence, not substantive completion."
X3-2,Requested extension,Akali and Gurdwara reform,Akali Dal origins,Partial,Missing,Missing,Missing,Missing,Missing,Missing,Partial,Partial,Partial,Partial,0,history:requested-extension,3,False,AI-GENERATED (needs human review),"{""Notes"": [""punjab-freedom-movements""], ""Summary"": [], ""Key points"": [], ""Flip cards"": []}",,"HI/PA Partial is parent draft presence only; this concept translation has not been validated. Notes/MCQ anchors are candidate evidence, not substantive completion."
X3-3,Requested extension,Akali and Gurdwara reform,Nankana Sahib,Partial,Missing,Missing,Missing,Missing,Missing,Missing,Partial,Partial,Partial,Partial,0,history:requested-extension,3,False,AI-GENERATED (needs human review),"{""Notes"": [""punjab-freedom-movements""], ""Summary"": [], ""Key points"": [], ""Flip cards"": []}",,"HI/PA Partial is parent draft presence only; this concept translation has not been validated. Notes/MCQ anchors are candidate evidence, not substantive completion."
X3-4,Requested extension,Akali and Gurdwara reform,Keys agitation,Partial,Missing,Missing,Partial,Missing,Missing,Missing,Partial,Partial,Partial,Partial,0,history:requested-extension,3,False,AI-GENERATED (needs human review),"{""Notes"": [""punjab-freedom-movements""], ""Summary"": [], ""Key points"": [], ""Flip cards"": [""punjab-freedom-movements""]}",,"HI/PA Partial is parent draft presence only; this concept translation has not been validated. Notes/MCQ anchors are candidate evidence, not substantive completion."
X3-5,Requested extension,Akali and Gurdwara reform,Guru Ka Bagh,Partial,Missing,Missing,Missing,Missing,Missing,Missing,Partial,Partial,Partial,Partial,0,history:requested-extension,3,False,AI-GENERATED (needs human review),"{""Notes"": [""punjab-freedom-movements""], ""Summary"": [], ""Key points"": [], ""Flip cards"": []}",,"HI/PA Partial is parent draft presence only; this concept translation has not been validated. Notes/MCQ anchors are candidate evidence, not substantive completion."
X3-6,Requested extension,Akali and Gurdwara reform,Jaito agitation,Partial,Missing,Missing,Missing,Missing,Missing,Missing,Partial,Partial,Partial,Partial,0,history:requested-extension,3,False,AI-GENERATED (needs human review),"{""Notes"": [""punjab-freedom-movements""], ""Summary"": [], ""Key points"": [], ""Flip cards"": []}",,"HI/PA Partial is parent draft presence only; this concept translation has not been validated. Notes/MCQ anchors are candidate evidence, not substantive completion."
X3-7,Requested extension,Akali and Gurdwara reform,Sikh Gurdwaras Act,Partial,Partial,Partial,Missing,Partial,Partial,Missing,Partial,Partial,Partial,Partial,2,history:requested-extension,3,False,AI-GENERATED (needs human review),"{""Notes"": [""punjab-freedom-movements""], ""Summary"": [""punjab-freedom-movements""], ""Key points"": [""punjab-freedom-movements""], ""Flip cards"": []}",q-pfm-7;q-pfm-8,"HI/PA Partial is parent draft presence only; this concept translation has not been validated. Notes/MCQ anchors are candidate evidence, not substantive completion."
X3-8,Requested extension,Akali and Gurdwara reform,Babbar Akalis,Partial,Missing,Missing,Missing,Missing,Missing,Missing,Partial,Partial,Partial,Partial,0,history:requested-extension,3,False,AI-GENERATED (needs human review),"{""Notes"": [""punjab-freedom-movements""], ""Summary"": [], ""Key points"": [], ""Flip cards"": []}",,"HI/PA Partial is parent draft presence only; this concept translation has not been validated. Notes/MCQ anchors are candidate evidence, not substantive completion."
X4-1,Requested extension,Punjab Partition,Partition political context,Partial,Partial,Partial,Missing,Partial,Partial,Missing,Partial,Partial,Partial,Partial,1,history:requested-extension,4,False,AI-GENERATED (needs human review),"{""Notes"": [""punjab-partition-suba-modern""], ""Summary"": [""punjab-partition-suba-modern""], ""Key points"": [""punjab-partition-suba-modern""], ""Flip cards"": []}",q-ppsm-1,"HI/PA Partial is parent draft presence only; this concept translation has not been validated. Notes/MCQ anchors are candidate evidence, not substantive completion."
X4-2,Requested extension,Punjab Partition,Boundary commission,Partial,Partial,Partial,Missing,Partial,Partial,Missing,Partial,Partial,Partial,Partial,1,history:requested-extension,4,False,AI-GENERATED (needs human review),"{""Notes"": [""punjab-partition-suba-modern""], ""Summary"": [""punjab-partition-suba-modern""], ""Key points"": [""punjab-partition-suba-modern""], ""Flip cards"": []}",q-ppsm-3,"HI/PA Partial is parent draft presence only; this concept translation has not been validated. Notes/MCQ anchors are candidate evidence, not substantive completion."
X4-3,Requested extension,Punjab Partition,Communal violence,Missing,Missing,Missing,Missing,Missing,Missing,Missing,Partial,Missing,Missing,Missing,0,history:requested-extension,4,False,AI-GENERATED (needs human review),"{""Notes"": [], ""Summary"": [], ""Key points"": [], ""Flip cards"": []}",,"HI/PA Partial is parent draft presence only; this concept translation has not been validated. Notes/MCQ anchors are candidate evidence, not substantive completion."
X4-4,Requested extension,Punjab Partition,Displacement and rehabilitation,Missing,Missing,Missing,Missing,Missing,Missing,Missing,Partial,Missing,Missing,Missing,0,history:requested-extension,4,False,AI-GENERATED (needs human review),"{""Notes"": [], ""Summary"": [], ""Key points"": [], ""Flip cards"": []}",,"HI/PA Partial is parent draft presence only; this concept translation has not been validated. Notes/MCQ anchors are candidate evidence, not substantive completion."
X4-5,Requested extension,Punjab Partition,Human testimony and historical evidence,Missing,Missing,Missing,Missing,Missing,Missing,Missing,Partial,Missing,Missing,Missing,0,history:requested-extension,4,False,AI-GENERATED (needs human review),"{""Notes"": [], ""Summary"": [], ""Key points"": [], ""Flip cards"": []}",,"HI/PA Partial is parent draft presence only; this concept translation has not been validated. Notes/MCQ anchors are candidate evidence, not substantive completion."
